run_id,year,mean_output,sd_output
1,2000,1200767.5,10543.1
1,2001,1216859.9,9020.8
1,2002,1220017.4,51441.8
1,2003,1229424.8,52197.1
1,2004,1217179.5,48118.7
1,2005,1247658.1,50401.8
1,2006,1253027.8,51099.8
1,2007,1260633.6,49699.1
1,2008,1254931.8,45910.5
1,2009,1259835.4,44725.2
1,2010,1249437.9,40996.8
1,2011,1225930.1,34716.6
1,2012,1214654.1,29707
1,2013,1212730,28679.1
1,2014,1200864.4,26348
1,2015,1206331.4,25045.2
1,2016,1210441,42197
1,2017,1202304.2,41516.7
1,2018,1208946.4,38481.6
1,2019,1251236.9,93366.2
1,2020,1252887,97911.1
1,2021,1268410.8,108985.4
1,2022,1278552.6,110549.3
1,2023,1277768.5,114961.4
1,2024,1283050.6,120037
1,2025,1299361.8,123363.3
1,2026,1283206.1,118693.5
1,2027,1284445.9,123704.4
1,2028,1335673.2,136681.1
1,2029,1318444.5,133848.9
1,2030,1329768.1,138711.6
1,2031,1318725.4,134313.9
1,2032,1328787.8,129863.4
1,2033,1296064,117138.8
1,2034,1283808.1,110225.1
1,2035,1278756.2,105907.7
1,2036,1270294.2,103048.4
1,2037,1296163.4,102296.5
1,2038,1266286.9,90210.2
1,2039,1260509.9,86197.6
1,2040,1262022.5,84610.7
1,2041,1263683.4,80320.6
1,2042,1268007.6,75802.7
1,2043,1256020,74779.3
1,2044,1250793.5,73833.8
1,2045,1234003.1,67519.3
1,2046,1229568.8,67196.1
1,2047,1220419,60662.1
1,2048,1234072.5,56900.7
1,2049,1224179,50583.9
1,2050,1211390.6,59574.1
1,2051,1225101.5,54560.8
1,2052,1222385.5,52672
1,2053,1213928.8,46810.8
1,2054,1207345.6,41570.5
1,2055,1204181.2,39388.7
1,2056,1215316,35819.4
1,2057,1225289.5,32191.2
1,2058,1218413.1,28899.1
1,2059,1215896,23459
1,2060,1212683.2,22708.4
1,2061,1209916.6,21608.7
1,2062,1218856.6,20439.4
1,2063,1216887.5,19952
1,2064,1218316.4,19587.1
1,2065,1232841.5,104612.6
1,2066,1235950.5,109630.9
1,2067,1238201.5,115638.9
1,2068,1230195.1,117130
1,2069,1234570.4,121398.8
1,2070,1220235.6,118649.4
1,2071,1225148.9,117980.8
1,2072,1228531.2,116923.5
1,2073,1259381.5,121534.3
1,2074,1256740.6,115840.9
1,2075,1246303.5,111260.1
1,2076,1245225.2,110194.8
1,2077,1232007.6,101559.9
1,2078,1221598.8,94345.3
1,2079,1215585.5,88595.9
1,2080,1211298.6,81289.4
1,2081,1202502,74235.5
1,2082,1207459.8,71591.5
1,2083,1196067.9,67718.7
1,2084,1198173.6,63210.9
1,2085,1192043.6,57365.8
1,2086,1180611,49441
1,2087,1187062.5,47186.2
1,2088,1185280,43703.3
1,2089,1189465.8,39335.6
1,2090,1186864.4,32507.4
1,2091,1192737.8,31803.3
1,2092,1190731.2,31200
1,2093,1172573.5,30301.2
1,2094,1174662.6,22669.8
1,2095,1164214.8,18216.6
1,2096,1169999,16997
1,2097,1173883.4,16997
1,2098,1167397.1,16652
1,2099,1172940,15458.2
1,2100,1161352.1,15458.2
1,2101,1157365,15163.1
1,2102,1175769.1,14191.8
1,2103,1177666.2,11879.9
1,2104,1170384.6,11879.9
1,2105,1182229.9,11558.1
1,2106,1162876.1,11558.1
1,2107,1160275.1,11055.8
1,2108,1153377,11055.8
1,2109,1135912.9,10799.4
1,2110,1133621.8,5942.7
1,2111,1125353.9,4986.3
1,2112,1130081.9,4438.7
1,2113,1132992.6,4438.7
1,2114,1128488,4438.7
1,2115,1143907.1,3599.1
1,2116,1139933.4,3277.2
1,2117,1142710.4,3254.3
1,2118,1132986.5,3254.3
1,2119,1135417.2,11772.1
1,2120,1156989.1,10409.7
1,2121,1158996,10276.2
1,2122,1179378.1,9153
1,2123,1171379.4,8566.8
1,2124,1152761,1850.7
1,2125,1160875.2,1635.8
1,2126,1164239.4,1614
1,2127,1154848.4,1614
1,2128,1183409.1,1614
1,2129,1173869.5,1614
1,2130,1199433.2,49419
1,2131,1201095.6,51491.9
1,2132,1201443.1,54939.8
1,2133,1205472,57089.4
1,2134,1208591.1,61910.7
1,2135,1209748,63441.6
1,2136,1207643.2,64503.8
1,2137,1213152.2,69741
1,2138,1198053.1,69239
1,2139,1229965.8,77950.8
1,2140,1229889.6,76650.9
1,2141,1227061.4,78720.8
1,2142,1209867.6,73367.9
1,2143,1195389,69042.7
1,2144,1201787.6,66474.9
1,2145,1197005.4,62390.1
1,2146,1189632.6,58842.8
1,2147,1186606.8,57148.2
1,2148,1184570.5,53054.3
1,2149,1186536.2,51218.3
1,2150,1197103,48176.5
1,2151,1182519.2,119989.6
1,2152,1179360.1,122218.4
1,2153,1226905.9,141931.7
1,2154,1225057.4,154100.1
1,2155,1233936.1,171564.1
1,2156,1229285.1,180990.5
1,2157,1231741.9,186342
1,2158,1223862.2,197413.5
1,2159,1209756.2,202531.8
1,2160,1205538.1,207641.9
1,2161,1197355,211857.7
1,2162,1230295.1,236809.5
1,2163,1228327.8,240024.6
1,2164,1220356.9,236628.6
1,2165,1240720.5,247829.5
1,2166,1239981,242895.2
1,2167,1247020.2,254392.7
1,2168,1249599.9,254202.8
1,2169,1223888.8,237694.3
1,2170,1210097,225615.4
1,2171,1193383.6,216192.4
1,2172,1182113,208318.2
1,2173,1175128.6,198241.8
1,2174,1192729.4,205220.4
1,2175,1178388.1,185091.2
1,2176,1161207.1,168122.3
1,2177,1141315.6,147974.3
1,2178,1125511,135938.6
1,2179,1117709.2,121547.5
1,2180,1125388.9,114293.9
1,2181,1126234,111885.6
1,2182,1117943.8,101908.8
1,2183,1125272.2,93769.1
1,2184,1121269.9,86542.1
1,2185,1117733,75699.1
1,2186,1122521.1,62377.4
1,2187,1147646.1,56844.2
1,2188,1152958,45229.7
1,2189,1151822.5,45229.7
1,2190,1160591.1,35962.1
1,2191,1160081.1,32596.7
1,2192,1155525.4,30210.9
1,2193,1174187.8,20442.4
1,2194,1172411.9,18973.9
1,2195,1173712.4,18278.6
1,2196,1175946.6,16968
1,2197,1176796.2,16419.4
1,2198,1174969.8,15934.9
1,2199,1172566.1,15879.8
1,2200,1172185.6,15879.8
1,2201,1177698.9,12813.4
1,2202,1160060.2,12298.5
1,2203,1159310,11189.6
1,2204,1159598.6,11073.6
1,2205,1166722.9,10952.7
1,2206,1158728,10952.7
1,2207,1155745,10952.7
1,2208,1145167.8,10952.7
1,2209,1168693.2,78905.9
1,2210,1174993.6,78715.8
1,2211,1163296.5,71700.4
1,2212,1170684.1,70479.3
1,2213,1172882,67353.9
1,2214,1202635.4,65430
1,2215,1242119,66407.1
1,2216,1275436.1,64981.6
1,2217,1276636.6,60412.7
1,2218,1299143.8,57350.5
1,2219,1306800.2,54664.4
1,2220,1314495.8,52683.6
1,2221,1312584.2,48434.8
1,2222,1309424.2,48053
1,2223,1303864.9,42194.2
1,2224,1301941.6,39692.1
1,2225,1287634.5,35658.5
1,2226,1275703.9,72066.6
1,2227,1260515.1,63946.6
1,2228,1264855.4,62647.4
1,2229,1256143.1,57044
1,2230,1241543.2,51002.7
1,2231,1232237.5,44776.8
1,2232,1230026.5,42936
1,2233,1228468,42329.4
1,2234,1211797.2,42390.4
1,2235,1205192.1,41907.3
1,2236,1197265.1,35542.9
1,2237,1196310.4,35542.9
1,2238,1226894,34416.4
1,2239,1233460.9,31031.5
1,2240,1229902,27548.8
1,2241,1228871.1,26706.7
1,2242,1229966.2,21810.1
1,2243,1225655.8,90773.7
1,2244,1288411.4,105784.4
1,2245,1274942.9,110752.9
1,2246,1258880.4,112519
1,2247,1257502.2,120664.9
1,2248,1263503.5,129474.2
1,2249,1264583.8,141871.8
1,2250,1256216,144910.5
1,2251,1251614.8,139440.5
1,2252,1233733.1,132652.5
1,2253,1228970.9,129436.4
1,2254,1221332.4,130597.2
1,2255,1215974.5,127860.7
1,2256,1200168.4,120455.1
1,2257,1196452.2,116445
1,2258,1191538.5,109863.8
1,2259,1188323,105097.3
1,2260,1206649.4,103086.2
1,2261,1207454.4,100271.9
1,2262,1200074.6,95527.7
1,2263,1198349.1,93570.4
1,2264,1193695.2,88863.4
1,2265,1181915.2,81386.5
1,2266,1182635.2,78173.8
1,2267,1204207.9,78627.2
1,2268,1207453,71563.3
1,2269,1232236.1,66198.1
1,2270,1227497.4,61871.7
1,2271,1236411.9,60334.5
1,2272,1229669.5,52162.2
1,2273,1224837.9,51550.7
1,2274,1229176.4,51550.7
1,2275,1218668.5,50994.1
1,2276,1201636.1,46857
1,2277,1222525.2,46227.8
1,2278,1218895.6,42861.4
1,2279,1218916.5,37370.1
1,2280,1205670.1,29799
1,2281,1177494.4,29201.6
1,2282,1170710.5,29103
1,2283,1149894,29103
1,2284,1139267.1,29053.1
1,2285,1138095.1,23410.2
1,2286,1136328.9,23410.2
1,2287,1128951.5,22246.7
1,2288,1117158.8,22246.7
1,2289,1125296,18121.6
1,2290,1142613.1,16197.9
1,2291,1141379.2,16197.9
1,2292,1137758.9,16197.9
1,2293,1134513,16197.9
1,2294,1128684.4,15607.2
1,2295,1122120.6,13423.3
1,2296,1112826.2,13423.3
1,2297,1108012.9,13423.3
1,2298,1112038,9744
1,2299,1119384.1,7994.8
1,2300,1130432.1,7994.8
1,2301,1119258.1,7994.8
1,2302,1110072.9,7862.9
1,2303,1111674,6234.3
1,2304,1100477.9,6234.3
1,2305,1098560.4,6234.3
1,2306,1127929.8,5025
1,2307,1120750,5025
1,2308,1122395.4,4893.8
1,2309,1127467.1,4504.5
1,2310,1124819.6,4358.3
1,2311,1127374,4215.8
1,2312,1125258.5,4215.8
1,2313,1147481.5,2737.1
1,2314,1144779,2737.1
1,2315,1134212.2,2737.1
1,2316,1139015.5,2582.9
1,2317,1134814.4,44565
1,2318,1128925.2,43357.6
1,2319,1159861.5,44978.3
1,2320,1162199.5,47512.8
1,2321,1178837.1,51002.1
1,2322,1172575.2,53852.6
1,2323,1169696.6,51565.1
1,2324,1182407.9,53375.9
1,2325,1185663.5,52939
1,2326,1186420.8,50932.3
1,2327,1185936.1,48119.7
1,2328,1184680.4,43887
1,2329,1198671.8,42288.1
1,2330,1210365.5,106577.5
1,2331,1201330.2,114043.3
1,2332,1236870.9,130662.7
1,2333,1233985.2,144890.6
1,2334,1228575.6,160455.2
1,2335,1230358.1,166059.5
1,2336,1243907.5,186540.4
1,2337,1241345.1,192828.6
1,2338,1229925.2,200734.4
1,2339,1235413.4,203762.6
1,2340,1250466,222312.9
1,2341,1244373,228014.1
1,2342,1266616.8,244956.2
1,2343,1274803.5,267647.8
1,2344,1271546.5,274882.2
1,2345,1280429.2,285905.4
1,2346,1286461.6,298609.3
1,2347,1281630.8,302371.2
1,2348,1290933.2,307328.3
1,2349,1295922.2,310788.4
1,2350,1293530.6,302968.9
1,2351,1288296.4,292848.4
1,2352,1299150.1,300098.8
1,2353,1282136.8,284779.5
1,2354,1261187.6,265712.2
1,2355,1244190.4,249002.4
1,2356,1237373.1,238610.3
1,2357,1260654.1,236749.7
1,2358,1243017.1,218471.4
1,2359,1243696.4,212549.3
1,2360,1235464.6,196032
1,2361,1212490.9,173189
1,2362,1223099.6,159817.9
1,2363,1207006,137294.3
1,2364,1206821,123817.9
1,2365,1199865.4,115100.1
1,2366,1232423.9,112656.7
1,2367,1230484.4,99493.1
1,2368,1227024.9,87175.4
1,2369,1211002.1,78423.8
1,2370,1209748.1,72326.6
1,2371,1214186.9,70567.5
1,2372,1210746.1,60222.2
1,2373,1220809.5,46112.3
1,2374,1217732.5,45612.5
1,2375,1209032.9,45612.5
1,2376,1214174.1,43608.1
1,2377,1247068.4,38150.2
1,2378,1252952.1,38150.2
1,2379,1252742.4,35117.3
1,2380,1259589.8,27284.4
1,2381,1264849,24459.1
1,2382,1261910.5,24459.1
1,2383,1258638.4,21544.9
1,2384,1256853.1,14270.8
1,2385,1270248.5,167730.7
1,2386,1294413.6,182279.1
1,2387,1299976,187495.5
1,2388,1296486.9,190653.9
1,2389,1285694.4,197662.6
1,2390,1256705.8,191604.9
1,2391,1297333.6,209956.5
1,2392,1298582.8,215197.1
1,2393,1287831.9,211813.6
1,2394,1289978.4,214891
1,2395,1297484.4,218750.6
1,2396,1297210.5,214352.7
1,2397,1310801.5,213847.2
1,2398,1300400.2,199849.7
1,2399,1281453.8,187009
1,2400,1255675.4,162837.2
1,2401,1251548.9,153902.3
1,2402,1238671.9,136552.2
1,2403,1247126,133279.8
1,2404,1228350.4,121933
1,2405,1216963.9,110401.3
1,2406,1209692.2,109194.5
1,2407,1219336.5,109194.5
1,2408,1222566.4,107954
1,2409,1216189.6,94506.4
1,2410,1202836.2,83641.6
1,2411,1191426,79965.8
1,2412,1189696.4,72173
1,2413,1179613.6,70749.7
1,2414,1185473.9,63612.2
1,2415,1170490.8,53002.7
1,2416,1176421.9,45904.2
1,2417,1174002.8,36539.5
1,2418,1203242.6,33920.8
1,2419,1205150.6,26285.2
1,2420,1206825.4,25917.5
1,2421,1197486,23529.3
1,2422,1195851.2,21544.1
1,2423,1193767.1,20930
1,2424,1237930.8,20930
1,2425,1238004.1,20492.2
1,2426,1228699.9,19592.8
1,2427,1231305,14765
1,2428,1236679.5,14765
1,2429,1234110.8,14765
1,2430,1244496.2,10716.2
1,2431,1233931.8,10716.2
1,2432,1230112.8,10716.2
1,2433,1220611.8,10716.2
1,2434,1224523,9239.3
1,2435,1222721.5,9089.8
1,2436,1253506.8,5232.3
1,2437,1248130,5232.3
1,2438,1260757.6,4158.3
1,2439,1253121.5,3979.1
1,2440,1257622.4,60309.7
1,2441,1249189.8,58821.6
1,2442,1242582.4,58516.8
1,2443,1244709.5,59465
1,2444,1252735.1,61558.1
1,2445,1250537.4,57372.5
1,2446,1267240.6,56588.8
1,2447,1281148.4,54277.3
1,2448,1310997,51766.5
1,2449,1294885,45486.3
1,2450,1333354.5,43659.3
1,2451,1330878.2,156581.5
1,2452,1336378,174077.6
1,2453,1328467.5,179425.6
1,2454,1322657.8,193653.4
1,2455,1325177.2,206152.1
1,2456,1344803.1,232330.7
1,2457,1324436.2,240288.9
1,2458,1332941.4,250247.4
1,2459,1332642.6,263651.2
1,2460,1323511.1,280575.5
1,2461,1318509.9,302368.3
1,2462,1353988,325000.1
1,2463,1354394.2,334071.6
1,2464,1351665.4,334306.7
1,2465,1351515,342650.9
1,2466,1332768,332762.3
1,2467,1305767.1,312339.3
1,2468,1299183.2,301924.1
1,2469,1288614.4,286989.7
1,2470,1297541.8,304275.2
1,2471,1296895.6,311038.1
1,2472,1301348.6,310704.9
1,2473,1304971.1,314258.7
1,2474,1310558.9,320430.5
1,2475,1319789.9,331828.3
1,2476,1313287.1,318589.2
1,2477,1317408.8,319165.8
1,2478,1339968.9,326694.7
1,2479,1348843.5,323255.8
1,2480,1373897.6,325729.1
1,2481,1365844.6,306742.3
1,2482,1365704.2,296416
1,2483,1366589.1,280826.7
1,2484,1360619.8,271329.3
1,2485,1360579.6,252695
1,2486,1360326,248421.3
1,2487,1357546.2,243606.6
1,2488,1366078.2,241820.4
1,2489,1333845.1,202925.9
1,2490,1313949.8,179182.5
1,2491,1354473.9,176985.2
1,2492,1341185.6,176062.3
1,2493,1341704.5,171497.2
1,2494,1349920.5,166951.6
1,2495,1360225,167057.8
1,2496,1341545.4,163772.6
1,2497,1353195.4,163827.9
1,2498,1337784.9,147529.1
1,2499,1309569.8,130421.7
1,2500,1296613.4,130421.7
2,2000,1200767.5,10543.1
2,2001,1216859.9,9020.8
2,2002,1220017.4,51441.8
2,2003,1229424.8,52197.1
2,2004,1217179.5,48118.7
2,2005,1247658.1,50401.8
2,2006,1253027.8,51099.8
2,2007,1260633.6,49699.1
2,2008,1254931.8,45910.5
2,2009,1259835.4,44725.2
2,2010,1249437.9,40996.8
2,2011,1225930.1,34716.6
2,2012,1214654.1,29707
2,2013,1212730,28679.1
2,2014,1200864.4,26348
2,2015,1206331.4,25045.2
2,2016,1210441,42197
2,2017,1202304.2,41516.7
2,2018,1208946.4,38481.6
2,2019,1251236.9,93366.2
2,2020,1252887,97911.1
2,2021,1268410.8,108985.4
2,2022,1278552.6,110549.3
2,2023,1277768.5,114961.4
2,2024,1283050.6,120037
2,2025,1299361.8,123363.3
2,2026,1283206.1,118693.5
2,2027,1284445.9,123704.4
2,2028,1335673.2,136681.1
2,2029,1318444.5,133848.9
2,2030,1329768.1,138711.6
2,2031,1318725.4,134313.9
2,2032,1328787.8,129863.4
2,2033,1296064,117138.8
2,2034,1283808.1,110225.1
2,2035,1278756.2,105907.7
2,2036,1270294.2,103048.4
2,2037,1296163.4,102296.5
2,2038,1266286.9,90210.2
2,2039,1260509.9,86197.6
2,2040,1262022.5,84610.7
2,2041,1263683.4,80320.6
2,2042,1268007.6,75802.7
2,2043,1256020,74779.3
2,2044,1250793.5,73833.8
2,2045,1234003.1,67519.3
2,2046,1229568.8,67196.1
2,2047,1220419,60662.1
2,2048,1234072.5,56900.7
2,2049,1224179,50583.9
2,2050,1211390.6,59574.1
2,2051,1225101.5,54560.8
2,2052,1222385.5,52672
2,2053,1213928.8,46810.8
2,2054,1207345.6,41570.5
2,2055,1204181.2,39388.7
2,2056,1215316,35819.4
2,2057,1225289.5,32191.2
2,2058,1218413.1,28899.1
2,2059,1215896,23459
2,2060,1212683.2,22708.4
2,2061,1209916.6,21608.7
2,2062,1218856.6,20439.4
2,2063,1216887.5,19952
2,2064,1218316.4,19587.1
2,2065,1232841.5,104612.6
2,2066,1235950.5,109630.9
2,2067,1238201.5,115638.9
2,2068,1230195.1,117130
2,2069,1234570.4,121398.8
2,2070,1220235.6,118649.4
2,2071,1225148.9,117980.8
2,2072,1228531.2,116923.5
2,2073,1259381.5,121534.3
2,2074,1256740.6,115840.9
2,2075,1246303.5,111260.1
2,2076,1245225.2,110194.8
2,2077,1232007.6,101559.9
2,2078,1221598.8,94345.3
2,2079,1215585.5,88595.9
2,2080,1211298.6,81289.4
2,2081,1202502,74235.5
2,2082,1207459.8,71591.5
2,2083,1196067.9,67718.7
2,2084,1198173.6,63210.9
2,2085,1192043.6,57365.8
2,2086,1180611,49441
2,2087,1187062.5,47186.2
2,2088,1185280,43703.3
2,2089,1189465.8,39335.6
2,2090,1186864.4,32507.4
2,2091,1192737.8,31803.3
2,2092,1190731.2,31200
2,2093,1172573.5,30301.2
2,2094,1174662.6,22669.8
2,2095,1164214.8,18216.6
2,2096,1169999,16997
2,2097,1173883.4,16997
2,2098,1167397.1,16652
2,2099,1172940,15458.2
2,2100,1161352.1,15458.2
2,2101,1157365,15163.1
2,2102,1175769.1,14191.8
2,2103,1177666.2,11879.9
2,2104,1170384.6,11879.9
2,2105,1182229.9,11558.1
2,2106,1162876.1,11558.1
2,2107,1160275.1,11055.8
2,2108,1153377,11055.8
2,2109,1135912.9,10799.4
2,2110,1133621.8,5942.7
2,2111,1125353.9,4986.3
2,2112,1130081.9,4438.7
2,2113,1132992.6,4438.7
2,2114,1128488,4438.7
2,2115,1143907.1,3599.1
2,2116,1139933.4,3277.2
2,2117,1142710.4,3254.3
2,2118,1132986.5,3254.3
2,2119,1135417.2,11772.1
2,2120,1156989.1,10409.7
2,2121,1158996,10276.2
2,2122,1179378.1,9153
2,2123,1171379.4,8566.8
2,2124,1152761,1850.7
2,2125,1160875.2,1635.8
2,2126,1164239.4,1614
2,2127,1154848.4,1614
2,2128,1183409.1,1614
2,2129,1173869.5,1614
2,2130,1199433.2,49419
2,2131,1201095.6,51491.9
2,2132,1201443.1,54939.8
2,2133,1205472,57089.4
2,2134,1208591.1,61910.7
2,2135,1209748,63441.6
2,2136,1207643.2,64503.8
2,2137,1213152.2,69741
2,2138,1198053.1,69239
2,2139,1229965.8,77950.8
2,2140,1229889.6,76650.9
2,2141,1227061.4,78720.8
2,2142,1209867.6,73367.9
2,2143,1195389,69042.7
2,2144,1201787.6,66474.9
2,2145,1197005.4,62390.1
2,2146,1189632.6,58842.8
2,2147,1186606.8,57148.2
2,2148,1184570.5,53054.3
2,2149,1186536.2,51218.3
2,2150,1197103,48176.5
2,2151,1182519.2,119989.6
2,2152,1179360.1,122218.4
2,2153,1226905.9,141931.7
2,2154,1225057.4,154100.1
2,2155,1233936.1,171564.1
2,2156,1229285.1,180990.5
2,2157,1231741.9,186342
2,2158,1223862.2,197413.5
2,2159,1209756.2,202531.8
2,2160,1205538.1,207641.9
2,2161,1197355,211857.7
2,2162,1230295.1,236809.5
2,2163,1228327.8,240024.6
2,2164,1220356.9,236628.6
2,2165,1240720.5,247829.5
2,2166,1239981,242895.2
2,2167,1247020.2,254392.7
2,2168,1249599.9,254202.8
2,2169,1223888.8,237694.3
2,2170,1210097,225615.4
2,2171,1193383.6,216192.4
2,2172,1182113,208318.2
2,2173,1175128.6,198241.8
2,2174,1192729.4,205220.4
2,2175,1178388.1,185091.2
2,2176,1161207.1,168122.3
2,2177,1141315.6,147974.3
2,2178,1125511,135938.6
2,2179,1117709.2,121547.5
2,2180,1125388.9,114293.9
2,2181,1126234,111885.6
2,2182,1117943.8,101908.8
2,2183,1125272.2,93769.1
2,2184,1121269.9,86542.1
2,2185,1117733,75699.1
2,2186,1122521.1,62377.4
2,2187,1147646.1,56844.2
2,2188,1152958,45229.7
2,2189,1151822.5,45229.7
2,2190,1160591.1,35962.1
2,2191,1160081.1,32596.7
2,2192,1155525.4,30210.9
2,2193,1174187.8,20442.4
2,2194,1172411.9,18973.9
2,2195,1173712.4,18278.6
2,2196,1175946.6,16968
2,2197,1176796.2,16419.4
2,2198,1174969.8,15934.9
2,2199,1172566.1,15879.8
2,2200,1172185.6,15879.8
2,2201,1177698.9,12813.4
2,2202,1160060.2,12298.5
2,2203,1159310,11189.6
2,2204,1159598.6,11073.6
2,2205,1166722.9,10952.7
2,2206,1158728,10952.7
2,2207,1155745,10952.7
2,2208,1145167.8,10952.7
2,2209,1168693.2,78905.9
2,2210,1174993.6,78715.8
2,2211,1163296.5,71700.4
2,2212,1170684.1,70479.3
2,2213,1172882,67353.9
2,2214,1202635.4,65430
2,2215,1242119,66407.1
2,2216,1275436.1,64981.6
2,2217,1276636.6,60412.7
2,2218,1299143.8,57350.5
2,2219,1306800.2,54664.4
2,2220,1314495.8,52683.6
2,2221,1312584.2,48434.8
2,2222,1309424.2,48053
2,2223,1303864.9,42194.2
2,2224,1301941.6,39692.1
2,2225,1287634.5,35658.5
2,2226,1275703.9,72066.6
2,2227,1260515.1,63946.6
2,2228,1264855.4,62647.4
2,2229,1256143.1,57044
2,2230,1241543.2,51002.7
2,2231,1232237.5,44776.8
2,2232,1230026.5,42936
2,2233,1228468,42329.4
2,2234,1211797.2,42390.4
2,2235,1205192.1,41907.3
2,2236,1197265.1,35542.9
2,2237,1196310.4,35542.9
2,2238,1226894,34416.4
2,2239,1233460.9,31031.5
2,2240,1229902,27548.8
2,2241,1228871.1,26706.7
2,2242,1229966.2,21810.1
2,2243,1225655.8,90773.7
2,2244,1288411.4,105784.4
2,2245,1274942.9,110752.9
2,2246,1258880.4,112519
2,2247,1257502.2,120664.9
2,2248,1263503.5,129474.2
2,2249,1264583.8,141871.8
2,2250,1256216,144910.5
2,2251,1251614.8,139440.5
2,2252,1233733.1,132652.5
2,2253,1228970.9,129436.4
2,2254,1221332.4,130597.2
2,2255,1215974.5,127860.7
2,2256,1200168.4,120455.1
2,2257,1196452.2,116445
2,2258,1191538.5,109863.8
2,2259,1188323,105097.3
2,2260,1206649.4,103086.2
2,2261,1207454.4,100271.9
2,2262,1200074.6,95527.7
2,2263,1198349.1,93570.4
2,2264,1193695.2,88863.4
2,2265,1181915.2,81386.5
2,2266,1182635.2,78173.8
2,2267,1204207.9,78627.2
2,2268,1207453,71563.3
2,2269,1232236.1,66198.1
2,2270,1227497.4,61871.7
2,2271,1236411.9,60334.5
2,2272,1229669.5,52162.2
2,2273,1224837.9,51550.7
2,2274,1229176.4,51550.7
2,2275,1218668.5,50994.1
2,2276,1201636.1,46857
2,2277,1222525.2,46227.8
2,2278,1218895.6,42861.4
2,2279,1218916.5,37370.1
2,2280,1205670.1,29799
2,2281,1177494.4,29201.6
2,2282,1170710.5,29103
2,2283,1149894,29103
2,2284,1139267.1,29053.1
2,2285,1138095.1,23410.2
2,2286,1136328.9,23410.2
2,2287,1128951.5,22246.7
2,2288,1117158.8,22246.7
2,2289,1125296,18121.6
2,2290,1142613.1,16197.9
2,2291,1141379.2,16197.9
2,2292,1137758.9,16197.9
2,2293,1134513,16197.9
2,2294,1128684.4,15607.2
2,2295,1122120.6,13423.3
2,2296,1112826.2,13423.3
2,2297,1108012.9,13423.3
2,2298,1112038,9744
2,2299,1119384.1,7994.8
2,2300,1130432.1,7994.8
2,2301,1119258.1,7994.8
2,2302,1110072.9,7862.9
2,2303,1111674,6234.3
2,2304,1100477.9,6234.3
2,2305,1098560.4,6234.3
2,2306,1127929.8,5025
2,2307,1120750,5025
2,2308,1122395.4,4893.8
2,2309,1127467.1,4504.5
2,2310,1124819.6,4358.3
2,2311,1127374,4215.8
2,2312,1125258.5,4215.8
2,2313,1147481.5,2737.1
2,2314,1144779,2737.1
2,2315,1134212.2,2737.1
2,2316,1139015.5,2582.9
2,2317,1134814.4,44565
2,2318,1128925.2,43357.6
2,2319,1159861.5,44978.3
2,2320,1162199.5,47512.8
2,2321,1178837.1,51002.1
2,2322,1172575.2,53852.6
2,2323,1169696.6,51565.1
2,2324,1182407.9,53375.9
2,2325,1185663.5,52939
2,2326,1186420.8,50932.3
2,2327,1185936.1,48119.7
2,2328,1184680.4,43887
2,2329,1198671.8,42288.1
2,2330,1210365.5,106577.5
2,2331,1201330.2,114043.3
2,2332,1236870.9,130662.7
2,2333,1233985.2,144890.6
2,2334,1228575.6,160455.2
2,2335,1230358.1,166059.5
2,2336,1243907.5,186540.4
2,2337,1241345.1,192828.6
2,2338,1229925.2,200734.4
2,2339,1235413.4,203762.6
2,2340,1250466,222312.9
2,2341,1244373,228014.1
2,2342,1266616.8,244956.2
2,2343,1274803.5,267647.8
2,2344,1271546.5,274882.2
2,2345,1280429.2,285905.4
2,2346,1286461.6,298609.3
2,2347,1281630.8,302371.2
2,2348,1290933.2,307328.3
2,2349,1295922.2,310788.4
2,2350,1293530.6,302968.9
2,2351,1288296.4,292848.4
2,2352,1299150.1,300098.8
2,2353,1282136.8,284779.5
2,2354,1261187.6,265712.2
2,2355,1244190.4,249002.4
2,2356,1237373.1,238610.3
2,2357,1260654.1,236749.7
2,2358,1243017.1,218471.4
2,2359,1243696.4,212549.3
2,2360,1235464.6,196032
2,2361,1212490.9,173189
2,2362,1223099.6,159817.9
2,2363,1207006,137294.3
2,2364,1206821,123817.9
2,2365,1199865.4,115100.1
2,2366,1232423.9,112656.7
2,2367,1230484.4,99493.1
2,2368,1227024.9,87175.4
2,2369,1211002.1,78423.8
2,2370,1209748.1,72326.6
2,2371,1214186.9,70567.5
2,2372,1210746.1,60222.2
2,2373,1220809.5,46112.3
2,2374,1217732.5,45612.5
2,2375,1209032.9,45612.5
2,2376,1214174.1,43608.1
2,2377,1247068.4,38150.2
2,2378,1252952.1,38150.2
2,2379,1252742.4,35117.3
2,2380,1259589.8,27284.4
2,2381,1264849,24459.1
2,2382,1261910.5,24459.1
2,2383,1258638.4,21544.9
2,2384,1256853.1,14270.8
2,2385,1270248.5,167730.7
2,2386,1294413.6,182279.1
2,2387,1299976,187495.5
2,2388,1296486.9,190653.9
2,2389,1285694.4,197662.6
2,2390,1256705.8,191604.9
2,2391,1297333.6,209956.5
2,2392,1298582.8,215197.1
2,2393,1287831.9,211813.6
2,2394,1289978.4,214891
2,2395,1297484.4,218750.6
2,2396,1297210.5,214352.7
2,2397,1310801.5,213847.2
2,2398,1300400.2,199849.7
2,2399,1281453.8,187009
2,2400,1255675.4,162837.2
2,2401,1251548.9,153902.3
2,2402,1238671.9,136552.2
2,2403,1247126,133279.8
2,2404,1228350.4,121933
2,2405,1216963.9,110401.3
2,2406,1209692.2,109194.5
2,2407,1219336.5,109194.5
2,2408,1222566.4,107954
2,2409,1216189.6,94506.4
2,2410,1202836.2,83641.6
2,2411,1191426,79965.8
2,2412,1189696.4,72173
2,2413,1179613.6,70749.7
2,2414,1185473.9,63612.2
2,2415,1170490.8,53002.7
2,2416,1176421.9,45904.2
2,2417,1174002.8,36539.5
2,2418,1203242.6,33920.8
2,2419,1205150.6,26285.2
2,2420,1206825.4,25917.5
2,2421,1197486,23529.3
2,2422,1195851.2,21544.1
2,2423,1193767.1,20930
2,2424,1237930.8,20930
2,2425,1238004.1,20492.2
2,2426,1228699.9,19592.8
2,2427,1231305,14765
2,2428,1236679.5,14765
2,2429,1234110.8,14765
2,2430,1244496.2,10716.2
2,2431,1233931.8,10716.2
2,2432,1230112.8,10716.2
2,2433,1220611.8,10716.2
2,2434,1224523,9239.3
2,2435,1222721.5,9089.8
2,2436,1253506.8,5232.3
2,2437,1248130,5232.3
2,2438,1260757.6,4158.3
2,2439,1253121.5,3979.1
2,2440,1257622.4,60309.7
2,2441,1249189.8,58821.6
2,2442,1242582.4,58516.8
2,2443,1244709.5,59465
2,2444,1252735.1,61558.1
2,2445,1250537.4,57372.5
2,2446,1267240.6,56588.8
2,2447,1281148.4,54277.3
2,2448,1310997,51766.5
2,2449,1294885,45486.3
2,2450,1333354.5,43659.3
2,2451,1330878.2,156581.5
2,2452,1336378,174077.6
2,2453,1328467.5,179425.6
2,2454,1322657.8,193653.4
2,2455,1325177.2,206152.1
2,2456,1344803.1,232330.7
2,2457,1324436.2,240288.9
2,2458,1332941.4,250247.4
2,2459,1332642.6,263651.2
2,2460,1323511.1,280575.5
2,2461,1318509.9,302368.3
2,2462,1353988,325000.1
2,2463,1354394.2,334071.6
2,2464,1351665.4,334306.7
2,2465,1351515,342650.9
2,2466,1332768,332762.3
2,2467,1305767.1,312339.3
2,2468,1299183.2,301924.1
2,2469,1288614.4,286989.7
2,2470,1297541.8,304275.2
2,2471,1296895.6,311038.1
2,2472,1301348.6,310704.9
2,2473,1304971.1,314258.7
2,2474,1310558.9,320430.5
2,2475,1319789.9,331828.3
2,2476,1313287.1,318589.2
2,2477,1317408.8,319165.8
2,2478,1339968.9,326694.7
2,2479,1348843.5,323255.8
2,2480,1373897.6,325729.1
2,2481,1365844.6,306742.3
2,2482,1365704.2,296416
2,2483,1366589.1,280826.7
2,2484,1360619.8,271329.3
2,2485,1360579.6,252695
2,2486,1360326,248421.3
2,2487,1357546.2,243606.6
2,2488,1366078.2,241820.4
2,2489,1333845.1,202925.9
2,2490,1313949.8,179182.5
2,2491,1354473.9,176985.2
2,2492,1341185.6,176062.3
2,2493,1341704.5,171497.2
2,2494,1349920.5,166951.6
2,2495,1360225,167057.8
2,2496,1341545.4,163772.6
2,2497,1353195.4,163827.9
2,2498,1337784.9,147529.1
2,2499,1309569.8,130421.7
2,2500,1296613.4,130421.7
3,2000,1200767.5,10543.1
3,2001,1216859.9,9020.8
3,2002,1220017.4,51441.8
3,2003,1229424.8,52197.1
3,2004,1217179.5,48118.7
3,2005,1247658.1,50401.8
3,2006,1253027.8,51099.8
3,2007,1260633.6,49699.1
3,2008,1254931.8,45910.5
3,2009,1259835.4,44725.2
3,2010,1249437.9,40996.8
3,2011,1225930.1,34716.6
3,2012,1214654.1,29707
3,2013,1212730,28679.1
3,2014,1200864.4,26348
3,2015,1206331.4,25045.2
3,2016,1210441,42197
3,2017,1202304.2,41516.7
3,2018,1208946.4,38481.6
3,2019,1251236.9,93366.2
3,2020,1252887,97911.1
3,2021,1268410.8,108985.4
3,2022,1278552.6,110549.3
3,2023,1277768.5,114961.4
3,2024,1283050.6,120037
3,2025,1299361.8,123363.3
3,2026,1283206.1,118693.5
3,2027,1284445.9,123704.4
3,2028,1335673.2,136681.1
3,2029,1318444.5,133848.9
3,2030,1329768.1,138711.6
3,2031,1318725.4,134313.9
3,2032,1328787.8,129863.4
3,2033,1296064,117138.8
3,2034,1283808.1,110225.1
3,2035,1278756.2,105907.7
3,2036,1270294.2,103048.4
3,2037,1296163.4,102296.5
3,2038,1266286.9,90210.2
3,2039,1260509.9,86197.6
3,2040,1262022.5,84610.7
3,2041,1263683.4,80320.6
3,2042,1268007.6,75802.7
3,2043,1256020,74779.3
3,2044,1250793.5,73833.8
3,2045,1234003.1,67519.3
3,2046,1229568.8,67196.1
3,2047,1220419,60662.1
3,2048,1234072.5,56900.7
3,2049,1224179,50583.9
3,2050,1211390.6,59574.1
3,2051,1225101.5,54560.8
3,2052,1222385.5,52672
3,2053,1213928.8,46810.8
3,2054,1207345.6,41570.5
3,2055,1204181.2,39388.7
3,2056,1215316,35819.4
3,2057,1225289.5,32191.2
3,2058,1218413.1,28899.1
3,2059,1215896,23459
3,2060,1212683.2,22708.4
3,2061,1209916.6,21608.7
3,2062,1218856.6,20439.4
3,2063,1216887.5,19952
3,2064,1218316.4,19587.1
3,2065,1232841.5,104612.6
3,2066,1235950.5,109630.9
3,2067,1238201.5,115638.9
3,2068,1230195.1,117130
3,2069,1234570.4,121398.8
3,2070,1220235.6,118649.4
3,2071,1225148.9,117980.8
3,2072,1228531.2,116923.5
3,2073,1259381.5,121534.3
3,2074,1256740.6,115840.9
3,2075,1246303.5,111260.1
3,2076,1245225.2,110194.8
3,2077,1232007.6,101559.9
3,2078,1221598.8,94345.3
3,2079,1215585.5,88595.9
3,2080,1211298.6,81289.4
3,2081,1202502,74235.5
3,2082,1207459.8,71591.5
3,2083,1196067.9,67718.7
3,2084,1198173.6,63210.9
3,2085,1192043.6,57365.8
3,2086,1180611,49441
3,2087,1187062.5,47186.2
3,2088,1185280,43703.3
3,2089,1189465.8,39335.6
3,2090,1186864.4,32507.4
3,2091,1192737.8,31803.3
3,2092,1190731.2,31200
3,2093,1172573.5,30301.2
3,2094,1174662.6,22669.8
3,2095,1164214.8,18216.6
3,2096,1169999,16997
3,2097,1173883.4,16997
3,2098,1167397.1,16652
3,2099,1172940,15458.2
3,2100,1161352.1,15458.2
3,2101,1157365,15163.1
3,2102,1175769.1,14191.8
3,2103,1177666.2,11879.9
3,2104,1170384.6,11879.9
3,2105,1182229.9,11558.1
3,2106,1162876.1,11558.1
3,2107,1160275.1,11055.8
3,2108,1153377,11055.8
3,2109,1135912.9,10799.4
3,2110,1133621.8,5942.7
3,2111,1125353.9,4986.3
3,2112,1130081.9,4438.7
3,2113,1132992.6,4438.7
3,2114,1128488,4438.7
3,2115,1143907.1,3599.1
3,2116,1139933.4,3277.2
3,2117,1142710.4,3254.3
3,2118,1132986.5,3254.3
3,2119,1135417.2,11772.1
3,2120,1156989.1,10409.7
3,2121,1158996,10276.2
3,2122,1179378.1,9153
3,2123,1171379.4,8566.8
3,2124,1152761,1850.7
3,2125,1160875.2,1635.8
3,2126,1164239.4,1614
3,2127,1154848.4,1614
3,2128,1183409.1,1614
3,2129,1173869.5,1614
3,2130,1199433.2,49419
3,2131,1201095.6,51491.9
3,2132,1201443.1,54939.8
3,2133,1205472,57089.4
3,2134,1208591.1,61910.7
3,2135,1209748,63441.6
3,2136,1207643.2,64503.8
3,2137,1213152.2,69741
3,2138,1198053.1,69239
3,2139,1229965.8,77950.8
3,2140,1229889.6,76650.9
3,2141,1227061.4,78720.8
3,2142,1209867.6,73367.9
3,2143,1195389,69042.7
3,2144,1201787.6,66474.9
3,2145,1197005.4,62390.1
3,2146,1189632.6,58842.8
3,2147,1186606.8,57148.2
3,2148,1184570.5,53054.3
3,2149,1186536.2,51218.3
3,2150,1197103,48176.5
3,2151,1182519.2,119989.6
3,2152,1179360.1,122218.4
3,2153,1226905.9,141931.7
3,2154,1225057.4,154100.1
3,2155,1233936.1,171564.1
3,2156,1229285.1,180990.5
3,2157,1231741.9,186342
3,2158,1223862.2,197413.5
3,2159,1209756.2,202531.8
3,2160,1205538.1,207641.9
3,2161,1197355,211857.7
3,2162,1230295.1,236809.5
3,2163,1228327.8,240024.6
3,2164,1220356.9,236628.6
3,2165,1240720.5,247829.5
3,2166,1239981,242895.2
3,2167,1247020.2,254392.7
3,2168,1249599.9,254202.8
3,2169,1223888.8,237694.3
3,2170,1210097,225615.4
3,2171,1193383.6,216192.4
3,2172,1182113,208318.2
3,2173,1175128.6,198241.8
3,2174,1192729.4,205220.4
3,2175,1178388.1,185091.2
3,2176,1161207.1,168122.3
3,2177,1141315.6,147974.3
3,2178,1125511,135938.6
3,2179,1117709.2,121547.5
3,2180,1125388.9,114293.9
3,2181,1126234,111885.6
3,2182,1117943.8,101908.8
3,2183,1125272.2,93769.1
3,2184,1121269.9,86542.1
3,2185,1117733,75699.1
3,2186,1122521.1,62377.4
3,2187,1147646.1,56844.2
3,2188,1152958,45229.7
3,2189,1151822.5,45229.7
3,2190,1160591.1,35962.1
3,2191,1160081.1,32596.7
3,2192,1155525.4,30210.9
3,2193,1174187.8,20442.4
3,2194,1172411.9,18973.9
3,2195,1173712.4,18278.6
3,2196,1175946.6,16968
3,2197,1176796.2,16419.4
3,2198,1174969.8,15934.9
3,2199,1172566.1,15879.8
3,2200,1172185.6,15879.8
3,2201,1177698.9,12813.4
3,2202,1160060.2,12298.5
3,2203,1159310,11189.6
3,2204,1159598.6,11073.6
3,2205,1166722.9,10952.7
3,2206,1158728,10952.7
3,2207,1155745,10952.7
3,2208,1145167.8,10952.7
3,2209,1168693.2,78905.9
3,2210,1174993.6,78715.8
3,2211,1163296.5,71700.4
3,2212,1170684.1,70479.3
3,2213,1172882,67353.9
3,2214,1202635.4,65430
3,2215,1242119,66407.1
3,2216,1275436.1,64981.6
3,2217,1276636.6,60412.7
3,2218,1299143.8,57350.5
3,2219,1306800.2,54664.4
3,2220,1314495.8,52683.6
3,2221,1312584.2,48434.8
3,2222,1309424.2,48053
3,2223,1303864.9,42194.2
3,2224,1301941.6,39692.1
3,2225,1287634.5,35658.5
3,2226,1275703.9,72066.6
3,2227,1260515.1,63946.6
3,2228,1264855.4,62647.4
3,2229,1256143.1,57044
3,2230,1241543.2,51002.7
3,2231,1232237.5,44776.8
3,2232,1230026.5,42936
3,2233,1228468,42329.4
3,2234,1211797.2,42390.4
3,2235,1205192.1,41907.3
3,2236,1197265.1,35542.9
3,2237,1196310.4,35542.9
3,2238,1226894,34416.4
3,2239,1233460.9,31031.5
3,2240,1229902,27548.8
3,2241,1228871.1,26706.7
3,2242,1229966.2,21810.1
3,2243,1225655.8,90773.7
3,2244,1288411.4,105784.4
3,2245,1274942.9,110752.9
3,2246,1258880.4,112519
3,2247,1257502.2,120664.9
3,2248,1263503.5,129474.2
3,2249,1264583.8,141871.8
3,2250,1256216,144910.5
3,2251,1251614.8,139440.5
3,2252,1233733.1,132652.5
3,2253,1228970.9,129436.4
3,2254,1221332.4,130597.2
3,2255,1215974.5,127860.7
3,2256,1200168.4,120455.1
3,2257,1196452.2,116445
3,2258,1191538.5,109863.8
3,2259,1188323,105097.3
3,2260,1206649.4,103086.2
3,2261,1207454.4,100271.9
3,2262,1200074.6,95527.7
3,2263,1198349.1,93570.4
3,2264,1193695.2,88863.4
3,2265,1181915.2,81386.5
3,2266,1182635.2,78173.8
3,2267,1204207.9,78627.2
3,2268,1207453,71563.3
3,2269,1232236.1,66198.1
3,2270,1227497.4,61871.7
3,2271,1236411.9,60334.5
3,2272,1229669.5,52162.2
3,2273,1224837.9,51550.7
3,2274,1229176.4,51550.7
3,2275,1218668.5,50994.1
3,2276,1201636.1,46857
3,2277,1222525.2,46227.8
3,2278,1218895.6,42861.4
3,2279,1218916.5,37370.1
3,2280,1205670.1,29799
3,2281,1177494.4,29201.6
3,2282,1170710.5,29103
3,2283,1149894,29103
3,2284,1139267.1,29053.1
3,2285,1138095.1,23410.2
3,2286,1136328.9,23410.2
3,2287,1128951.5,22246.7
3,2288,1117158.8,22246.7
3,2289,1125296,18121.6
3,2290,1142613.1,16197.9
3,2291,1141379.2,16197.9
3,2292,1137758.9,16197.9
3,2293,1134513,16197.9
3,2294,1128684.4,15607.2
3,2295,1122120.6,13423.3
3,2296,1112826.2,13423.3
3,2297,1108012.9,13423.3
3,2298,1112038,9744
3,2299,1119384.1,7994.8
3,2300,1130432.1,7994.8
3,2301,1119258.1,7994.8
3,2302,1110072.9,7862.9
3,2303,1111674,6234.3
3,2304,1100477.9,6234.3
3,2305,1098560.4,6234.3
3,2306,1127929.8,5025
3,2307,1120750,5025
3,2308,1122395.4,4893.8
3,2309,1127467.1,4504.5
3,2310,1124819.6,4358.3
3,2311,1127374,4215.8
3,2312,1125258.5,4215.8
3,2313,1147481.5,2737.1
3,2314,1144779,2737.1
3,2315,1134212.2,2737.1
3,2316,1139015.5,2582.9
3,2317,1134814.4,44565
3,2318,1128925.2,43357.6
3,2319,1159861.5,44978.3
3,2320,1162199.5,47512.8
3,2321,1178837.1,51002.1
3,2322,1172575.2,53852.6
3,2323,1169696.6,51565.1
3,2324,1182407.9,53375.9
3,2325,1185663.5,52939
3,2326,1186420.8,50932.3
3,2327,1185936.1,48119.7
3,2328,1184680.4,43887
3,2329,1198671.8,42288.1
3,2330,1210365.5,106577.5
3,2331,1201330.2,114043.3
3,2332,1236870.9,130662.7
3,2333,1233985.2,144890.6
3,2334,1228575.6,160455.2
3,2335,1230358.1,166059.5
3,2336,1243907.5,186540.4
3,2337,1241345.1,192828.6
3,2338,1229925.2,200734.4
3,2339,1235413.4,203762.6
3,2340,1250466,222312.9
3,2341,1244373,228014.1
3,2342,1266616.8,244956.2
3,2343,1274803.5,267647.8
3,2344,1271546.5,274882.2
3,2345,1280429.2,285905.4
3,2346,1286461.6,298609.3
3,2347,1281630.8,302371.2
3,2348,1290933.2,307328.3
3,2349,1295922.2,310788.4
3,2350,1293530.6,302968.9
3,2351,1288296.4,292848.4
3,2352,1299150.1,300098.8
3,2353,1282136.8,284779.5
3,2354,1261187.6,265712.2
3,2355,1244190.4,249002.4
3,2356,1237373.1,238610.3
3,2357,1260654.1,236749.7
3,2358,1243017.1,218471.4
3,2359,1243696.4,212549.3
3,2360,1235464.6,196032
3,2361,1212490.9,173189
3,2362,1223099.6,159817.9
3,2363,1207006,137294.3
3,2364,1206821,123817.9
3,2365,1199865.4,115100.1
3,2366,1232423.9,112656.7
3,2367,1230484.4,99493.1
3,2368,1227024.9,87175.4
3,2369,1211002.1,78423.8
3,2370,1209748.1,72326.6
3,2371,1214186.9,70567.5
3,2372,1210746.1,60222.2
3,2373,1220809.5,46112.3
3,2374,1217732.5,45612.5
3,2375,1209032.9,45612.5
3,2376,1214174.1,43608.1
3,2377,1247068.4,38150.2
3,2378,1252952.1,38150.2
3,2379,1252742.4,35117.3
3,2380,1259589.8,27284.4
3,2381,1264849,24459.1
3,2382,1261910.5,24459.1
3,2383,1258638.4,21544.9
3,2384,1256853.1,14270.8
3,2385,1270248.5,167730.7
3,2386,1294413.6,182279.1
3,2387,1299976,187495.5
3,2388,1296486.9,190653.9
3,2389,1285694.4,197662.6
3,2390,1256705.8,191604.9
3,2391,1297333.6,209956.5
3,2392,1298582.8,215197.1
3,2393,1287831.9,211813.6
3,2394,1289978.4,214891
3,2395,1297484.4,218750.6
3,2396,1297210.5,214352.7
3,2397,1310801.5,213847.2
3,2398,1300400.2,199849.7
3,2399,1281453.8,187009
3,2400,1255675.4,162837.2
3,2401,1251548.9,153902.3
3,2402,1238671.9,136552.2
3,2403,1247126,133279.8
3,2404,1228350.4,121933
3,2405,1216963.9,110401.3
3,2406,1209692.2,109194.5
3,2407,1219336.5,109194.5
3,2408,1222566.4,107954
3,2409,1216189.6,94506.4
3,2410,1202836.2,83641.6
3,2411,1191426,79965.8
3,2412,1189696.4,72173
3,2413,1179613.6,70749.7
3,2414,1185473.9,63612.2
3,2415,1170490.8,53002.7
3,2416,1176421.9,45904.2
3,2417,1174002.8,36539.5
3,2418,1203242.6,33920.8
3,2419,1205150.6,26285.2
3,2420,1206825.4,25917.5
3,2421,1197486,23529.3
3,2422,1195851.2,21544.1
3,2423,1193767.1,20930
3,2424,1237930.8,20930
3,2425,1238004.1,20492.2
3,2426,1228699.9,19592.8
3,2427,1231305,14765
3,2428,1236679.5,14765
3,2429,1234110.8,14765
3,2430,1244496.2,10716.2
3,2431,1233931.8,10716.2
3,2432,1230112.8,10716.2
3,2433,1220611.8,10716.2
3,2434,1224523,9239.3
3,2435,1222721.5,9089.8
3,2436,1253506.8,5232.3
3,2437,1248130,5232.3
3,2438,1260757.6,4158.3
3,2439,1253121.5,3979.1
3,2440,1257622.4,60309.7
3,2441,1249189.8,58821.6
3,2442,1242582.4,58516.8
3,2443,1244709.5,59465
3,2444,1252735.1,61558.1
3,2445,1250537.4,57372.5
3,2446,1267240.6,56588.8
3,2447,1281148.4,54277.3
3,2448,1310997,51766.5
3,2449,1294885,45486.3
3,2450,1333354.5,43659.3
3,2451,1330878.2,156581.5
3,2452,1336378,174077.6
3,2453,1328467.5,179425.6
3,2454,1322657.8,193653.4
3,2455,1325177.2,206152.1
3,2456,1344803.1,232330.7
3,2457,1324436.2,240288.9
3,2458,1332941.4,250247.4
3,2459,1332642.6,263651.2
3,2460,1323511.1,280575.5
3,2461,1318509.9,302368.3
3,2462,1353988,325000.1
3,2463,1354394.2,334071.6
3,2464,1351665.4,334306.7
3,2465,1351515,342650.9
3,2466,1332768,332762.3
3,2467,1305767.1,312339.3
3,2468,1299183.2,301924.1
3,2469,1288614.4,286989.7
3,2470,1297541.8,304275.2
3,2471,1296895.6,311038.1
3,2472,1301348.6,310704.9
3,2473,1304971.1,314258.7
3,2474,1310558.9,320430.5
3,2475,1319789.9,331828.3
3,2476,1313287.1,318589.2
3,2477,1317408.8,319165.8
3,2478,1339968.9,326694.7
3,2479,1348843.5,323255.8
3,2480,1373897.6,325729.1
3,2481,1365844.6,306742.3
3,2482,1365704.2,296416
3,2483,1366589.1,280826.7
3,2484,1360619.8,271329.3
3,2485,1360579.6,252695
3,2486,1360326,248421.3
3,2487,1357546.2,243606.6
3,2488,1366078.2,241820.4
3,2489,1333845.1,202925.9
3,2490,1313949.8,179182.5
3,2491,1354473.9,176985.2
3,2492,1341185.6,176062.3
3,2493,1341704.5,171497.2
3,2494,1349920.5,166951.6
3,2495,1360225,167057.8
3,2496,1341545.4,163772.6
3,2497,1353195.4,163827.9
3,2498,1337784.9,147529.1
3,2499,1309569.8,130421.7
3,2500,1296613.4,130421.7
4,2000,1200767.5,10543.1
4,2001,1216859.9,9020.8
4,2002,1220017.4,51441.8
4,2003,1229424.8,52197.1
4,2004,1217179.5,48118.7
4,2005,1247658.1,50401.8
4,2006,1253027.8,51099.8
4,2007,1260633.6,49699.1
4,2008,1254931.8,45910.5
4,2009,1259835.4,44725.2
4,2010,1249437.9,40996.8
4,2011,1225930.1,34716.6
4,2012,1214654.1,29707
4,2013,1212730,28679.1
4,2014,1200864.4,26348
4,2015,1206331.4,25045.2
4,2016,1210441,42197
4,2017,1202304.2,41516.7
4,2018,1208946.4,38481.6
4,2019,1251236.9,93366.2
4,2020,1252887,97911.1
4,2021,1268410.8,108985.4
4,2022,1278552.6,110549.3
4,2023,1277768.5,114961.4
4,2024,1283050.6,120037
4,2025,1299361.8,123363.3
4,2026,1283206.1,118693.5
4,2027,1284445.9,123704.4
4,2028,1335673.2,136681.1
4,2029,1318444.5,133848.9
4,2030,1329768.1,138711.6
4,2031,1318725.4,134313.9
4,2032,1328787.8,129863.4
4,2033,1296064,117138.8
4,2034,1283808.1,110225.1
4,2035,1278756.2,105907.7
4,2036,1270294.2,103048.4
4,2037,1296163.4,102296.5
4,2038,1266286.9,90210.2
4,2039,1260509.9,86197.6
4,2040,1262022.5,84610.7
4,2041,1263683.4,80320.6
4,2042,1268007.6,75802.7
4,2043,1256020,74779.3
4,2044,1250793.5,73833.8
4,2045,1234003.1,67519.3
4,2046,1229568.8,67196.1
4,2047,1220419,60662.1
4,2048,1234072.5,56900.7
4,2049,1224179,50583.9
4,2050,1211390.6,59574.1
4,2051,1225101.5,54560.8
4,2052,1222385.5,52672
4,2053,1213928.8,46810.8
4,2054,1207345.6,41570.5
4,2055,1204181.2,39388.7
4,2056,1215316,35819.4
4,2057,1225289.5,32191.2
4,2058,1218413.1,28899.1
4,2059,1215896,23459
4,2060,1212683.2,22708.4
4,2061,1209916.6,21608.7
4,2062,1218856.6,20439.4
4,2063,1216887.5,19952
4,2064,1218316.4,19587.1
4,2065,1232841.5,104612.6
4,2066,1235950.5,109630.9
4,2067,1238201.5,115638.9
4,2068,1230195.1,117130
4,2069,1234570.4,121398.8
4,2070,1220235.6,118649.4
4,2071,1225148.9,117980.8
4,2072,1228531.2,116923.5
4,2073,1259381.5,121534.3
4,2074,1256740.6,115840.9
4,2075,1246303.5,111260.1
4,2076,1245225.2,110194.8
4,2077,1232007.6,101559.9
4,2078,1221598.8,94345.3
4,2079,1215585.5,88595.9
4,2080,1211298.6,81289.4
4,2081,1202502,74235.5
4,2082,1207459.8,71591.5
4,2083,1196067.9,67718.7
4,2084,1198173.6,63210.9
4,2085,1192043.6,57365.8
4,2086,1180611,49441
4,2087,1187062.5,47186.2
4,2088,1185280,43703.3
4,2089,1189465.8,39335.6
4,2090,1186864.4,32507.4
4,2091,1192737.8,31803.3
4,2092,1190731.2,31200
4,2093,1172573.5,30301.2
4,2094,1174662.6,22669.8
4,2095,1164214.8,18216.6
4,2096,1169999,16997
4,2097,1173883.4,16997
4,2098,1167397.1,16652
4,2099,1172940,15458.2
4,2100,1161352.1,15458.2
4,2101,1157365,15163.1
4,2102,1175769.1,14191.8
4,2103,1177666.2,11879.9
4,2104,1170384.6,11879.9
4,2105,1182229.9,11558.1
4,2106,1162876.1,11558.1
4,2107,1160275.1,11055.8
4,2108,1153377,11055.8
4,2109,1135912.9,10799.4
4,2110,1133621.8,5942.7
4,2111,1125353.9,4986.3
4,2112,1130081.9,4438.7
4,2113,1132992.6,4438.7
4,2114,1128488,4438.7
4,2115,1143907.1,3599.1
4,2116,1139933.4,3277.2
4,2117,1142710.4,3254.3
4,2118,1132986.5,3254.3
4,2119,1135417.2,11772.1
4,2120,1156989.1,10409.7
4,2121,1158996,10276.2
4,2122,1179378.1,9153
4,2123,1171379.4,8566.8
4,2124,1152761,1850.7
4,2125,1160875.2,1635.8
4,2126,1164239.4,1614
4,2127,1154848.4,1614
4,2128,1183409.1,1614
4,2129,1173869.5,1614
4,2130,1199433.2,49419
4,2131,1201095.6,51491.9
4,2132,1201443.1,54939.8
4,2133,1205472,57089.4
4,2134,1208591.1,61910.7
4,2135,1209748,63441.6
4,2136,1207643.2,64503.8
4,2137,1213152.2,69741
4,2138,1198053.1,69239
4,2139,1229965.8,77950.8
4,2140,1229889.6,76650.9
4,2141,1227061.4,78720.8
4,2142,1209867.6,73367.9
4,2143,1195389,69042.7
4,2144,1201787.6,66474.9
4,2145,1197005.4,62390.1
4,2146,1189632.6,58842.8
4,2147,1186606.8,57148.2
4,2148,1184570.5,53054.3
4,2149,1186536.2,51218.3
4,2150,1197103,48176.5
4,2151,1182519.2,119989.6
4,2152,1179360.1,122218.4
4,2153,1226905.9,141931.7
4,2154,1225057.4,154100.1
4,2155,1233936.1,171564.1
4,2156,1229285.1,180990.5
4,2157,1231741.9,186342
4,2158,1223862.2,197413.5
4,2159,1209756.2,202531.8
4,2160,1205538.1,207641.9
4,2161,1197355,211857.7
4,2162,1230295.1,236809.5
4,2163,1228327.8,240024.6
4,2164,1220356.9,236628.6
4,2165,1240720.5,247829.5
4,2166,1239981,242895.2
4,2167,1247020.2,254392.7
4,2168,1249599.9,254202.8
4,2169,1223888.8,237694.3
4,2170,1210097,225615.4
4,2171,1193383.6,216192.4
4,2172,1182113,208318.2
4,2173,1175128.6,198241.8
4,2174,1192729.4,205220.4
4,2175,1178388.1,185091.2
4,2176,1161207.1,168122.3
4,2177,1141315.6,147974.3
4,2178,1125511,135938.6
4,2179,1117709.2,121547.5
4,2180,1125388.9,114293.9
4,2181,1126234,111885.6
4,2182,1117943.8,101908.8
4,2183,1125272.2,93769.1
4,2184,1121269.9,86542.1
4,2185,1117733,75699.1
4,2186,1122521.1,62377.4
4,2187,1147646.1,56844.2
4,2188,1152958,45229.7
4,2189,1151822.5,45229.7
4,2190,1160591.1,35962.1
4,2191,1160081.1,32596.7
4,2192,1155525.4,30210.9
4,2193,1174187.8,20442.4
4,2194,1172411.9,18973.9
4,2195,1173712.4,18278.6
4,2196,1175946.6,16968
4,2197,1176796.2,16419.4
4,2198,1174969.8,15934.9
4,2199,1172566.1,15879.8
4,2200,1172185.6,15879.8
4,2201,1177698.9,12813.4
4,2202,1160060.2,12298.5
4,2203,1159310,11189.6
4,2204,1159598.6,11073.6
4,2205,1166722.9,10952.7
4,2206,1158728,10952.7
4,2207,1155745,10952.7
4,2208,1145167.8,10952.7
4,2209,1168693.2,78905.9
4,2210,1174993.6,78715.8
4,2211,1163296.5,71700.4
4,2212,1170684.1,70479.3
4,2213,1172882,67353.9
4,2214,1202635.4,65430
4,2215,1242119,66407.1
4,2216,1275436.1,64981.6
4,2217,1276636.6,60412.7
4,2218,1299143.8,57350.5
4,2219,1306800.2,54664.4
4,2220,1314495.8,52683.6
4,2221,1312584.2,48434.8
4,2222,1309424.2,48053
4,2223,1303864.9,42194.2
4,2224,1301941.6,39692.1
4,2225,1287634.5,35658.5
4,2226,1275703.9,72066.6
4,2227,1260515.1,63946.6
4,2228,1264855.4,62647.4
4,2229,1256143.1,57044
4,2230,1241543.2,51002.7
4,2231,1232237.5,44776.8
4,2232,1230026.5,42936
4,2233,1228468,42329.4
4,2234,1211797.2,42390.4
4,2235,1205192.1,41907.3
4,2236,1197265.1,35542.9
4,2237,1196310.4,35542.9
4,2238,1226894,34416.4
4,2239,1233460.9,31031.5
4,2240,1229902,27548.8
4,2241,1228871.1,26706.7
4,2242,1229966.2,21810.1
4,2243,1225655.8,90773.7
4,2244,1288411.4,105784.4
4,2245,1274942.9,110752.9
4,2246,1258880.4,112519
4,2247,1257502.2,120664.9
4,2248,1263503.5,129474.2
4,2249,1264583.8,141871.8
4,2250,1256216,144910.5
4,2251,1251614.8,139440.5
4,2252,1233733.1,132652.5
4,2253,1228970.9,129436.4
4,2254,1221332.4,130597.2
4,2255,1215974.5,127860.7
4,2256,1200168.4,120455.1
4,2257,1196452.2,116445
4,2258,1191538.5,109863.8
4,2259,1188323,105097.3
4,2260,1206649.4,103086.2
4,2261,1207454.4,100271.9
4,2262,1200074.6,95527.7
4,2263,1198349.1,93570.4
4,2264,1193695.2,88863.4
4,2265,1181915.2,81386.5
4,2266,1182635.2,78173.8
4,2267,1204207.9,78627.2
4,2268,1207453,71563.3
4,2269,1232236.1,66198.1
4,2270,1227497.4,61871.7
4,2271,1236411.9,60334.5
4,2272,1229669.5,52162.2
4,2273,1224837.9,51550.7
4,2274,1229176.4,51550.7
4,2275,1218668.5,50994.1
4,2276,1201636.1,46857
4,2277,1222525.2,46227.8
4,2278,1218895.6,42861.4
4,2279,1218916.5,37370.1
4,2280,1205670.1,29799
4,2281,1177494.4,29201.6
4,2282,1170710.5,29103
4,2283,1149894,29103
4,2284,1139267.1,29053.1
4,2285,1138095.1,23410.2
4,2286,1136328.9,23410.2
4,2287,1128951.5,22246.7
4,2288,1117158.8,22246.7
4,2289,1125296,18121.6
4,2290,1142613.1,16197.9
4,2291,1141379.2,16197.9
4,2292,1137758.9,16197.9
4,2293,1134513,16197.9
4,2294,1128684.4,15607.2
4,2295,1122120.6,13423.3
4,2296,1112826.2,13423.3
4,2297,1108012.9,13423.3
4,2298,1112038,9744
4,2299,1119384.1,7994.8
4,2300,1130432.1,7994.8
4,2301,1119258.1,7994.8
4,2302,1110072.9,7862.9
4,2303,1111674,6234.3
4,2304,1100477.9,6234.3
4,2305,1098560.4,6234.3
4,2306,1127929.8,5025
4,2307,1120750,5025
4,2308,1122395.4,4893.8
4,2309,1127467.1,4504.5
4,2310,1124819.6,4358.3
4,2311,1127374,4215.8
4,2312,1125258.5,4215.8
4,2313,1147481.5,2737.1
4,2314,1144779,2737.1
4,2315,1134212.2,2737.1
4,2316,1139015.5,2582.9
4,2317,1134814.4,44565
4,2318,1128925.2,43357.6
4,2319,1159861.5,44978.3
4,2320,1162199.5,47512.8
4,2321,1178837.1,51002.1
4,2322,1172575.2,53852.6
4,2323,1169696.6,51565.1
4,2324,1182407.9,53375.9
4,2325,1185663.5,52939
4,2326,1186420.8,50932.3
4,2327,1185936.1,48119.7
4,2328,1184680.4,43887
4,2329,1198671.8,42288.1
4,2330,1210365.5,106577.5
4,2331,1201330.2,114043.3
4,2332,1236870.9,130662.7
4,2333,1233985.2,144890.6
4,2334,1228575.6,160455.2
4,2335,1230358.1,166059.5
4,2336,1243907.5,186540.4
4,2337,1241345.1,192828.6
4,2338,1229925.2,200734.4
4,2339,1235413.4,203762.6
4,2340,1250466,222312.9
4,2341,1244373,228014.1
4,2342,1266616.8,244956.2
4,2343,1274803.5,267647.8
4,2344,1271546.5,274882.2
4,2345,1280429.2,285905.4
4,2346,1286461.6,298609.3
4,2347,1281630.8,302371.2
4,2348,1290933.2,307328.3
4,2349,1295922.2,310788.4
4,2350,1293530.6,302968.9
4,2351,1288296.4,292848.4
4,2352,1299150.1,300098.8
4,2353,1282136.8,284779.5
4,2354,1261187.6,265712.2
4,2355,1244190.4,249002.4
4,2356,1237373.1,238610.3
4,2357,1260654.1,236749.7
4,2358,1243017.1,218471.4
4,2359,1243696.4,212549.3
4,2360,1235464.6,196032
4,2361,1212490.9,173189
4,2362,1223099.6,159817.9
4,2363,1207006,137294.3
4,2364,1206821,123817.9
4,2365,1199865.4,115100.1
4,2366,1232423.9,112656.7
4,2367,1230484.4,99493.1
4,2368,1227024.9,87175.4
4,2369,1211002.1,78423.8
4,2370,1209748.1,72326.6
4,2371,1214186.9,70567.5
4,2372,1210746.1,60222.2
4,2373,1220809.5,46112.3
4,2374,1217732.5,45612.5
4,2375,1209032.9,45612.5
4,2376,1214174.1,43608.1
4,2377,1247068.4,38150.2
4,2378,1252952.1,38150.2
4,2379,1252742.4,35117.3
4,2380,1259589.8,27284.4
4,2381,1264849,24459.1
4,2382,1261910.5,24459.1
4,2383,1258638.4,21544.9
4,2384,1256853.1,14270.8
4,2385,1270248.5,167730.7
4,2386,1294413.6,182279.1
4,2387,1299976,187495.5
4,2388,1296486.9,190653.9
4,2389,1285694.4,197662.6
4,2390,1256705.8,191604.9
4,2391,1297333.6,209956.5
4,2392,1298582.8,215197.1
4,2393,1287831.9,211813.6
4,2394,1289978.4,214891
4,2395,1297484.4,218750.6
4,2396,1297210.5,214352.7
4,2397,1310801.5,213847.2
4,2398,1300400.2,199849.7
4,2399,1281453.8,187009
4,2400,1255675.4,162837.2
4,2401,1251548.9,153902.3
4,2402,1238671.9,136552.2
4,2403,1247126,133279.8
4,2404,1228350.4,121933
4,2405,1216963.9,110401.3
4,2406,1209692.2,109194.5
4,2407,1219336.5,109194.5
4,2408,1222566.4,107954
4,2409,1216189.6,94506.4
4,2410,1202836.2,83641.6
4,2411,1191426,79965.8
4,2412,1189696.4,72173
4,2413,1179613.6,70749.7
4,2414,1185473.9,63612.2
4,2415,1170490.8,53002.7
4,2416,1176421.9,45904.2
4,2417,1174002.8,36539.5
4,2418,1203242.6,33920.8
4,2419,1205150.6,26285.2
4,2420,1206825.4,25917.5
4,2421,1197486,23529.3
4,2422,1195851.2,21544.1
4,2423,1193767.1,20930
4,2424,1237930.8,20930
4,2425,1238004.1,20492.2
4,2426,1228699.9,19592.8
4,2427,1231305,14765
4,2428,1236679.5,14765
4,2429,1234110.8,14765
4,2430,1244496.2,10716.2
4,2431,1233931.8,10716.2
4,2432,1230112.8,10716.2
4,2433,1220611.8,10716.2
4,2434,1224523,9239.3
4,2435,1222721.5,9089.8
4,2436,1253506.8,5232.3
4,2437,1248130,5232.3
4,2438,1260757.6,4158.3
4,2439,1253121.5,3979.1
4,2440,1257622.4,60309.7
4,2441,1249189.8,58821.6
4,2442,1242582.4,58516.8
4,2443,1244709.5,59465
4,2444,1252735.1,61558.1
4,2445,1250537.4,57372.5
4,2446,1267240.6,56588.8
4,2447,1281148.4,54277.3
4,2448,1310997,51766.5
4,2449,1294885,45486.3
4,2450,1333354.5,43659.3
4,2451,1330878.2,156581.5
4,2452,1336378,174077.6
4,2453,1328467.5,179425.6
4,2454,1322657.8,193653.4
4,2455,1325177.2,206152.1
4,2456,1344803.1,232330.7
4,2457,1324436.2,240288.9
4,2458,1332941.4,250247.4
4,2459,1332642.6,263651.2
4,2460,1323511.1,280575.5
4,2461,1318509.9,302368.3
4,2462,1353988,325000.1
4,2463,1354394.2,334071.6
4,2464,1351665.4,334306.7
4,2465,1351515,342650.9
4,2466,1332768,332762.3
4,2467,1305767.1,312339.3
4,2468,1299183.2,301924.1
4,2469,1288614.4,286989.7
4,2470,1297541.8,304275.2
4,2471,1296895.6,311038.1
4,2472,1301348.6,310704.9
4,2473,1304971.1,314258.7
4,2474,1310558.9,320430.5
4,2475,1319789.9,331828.3
4,2476,1313287.1,318589.2
4,2477,1317408.8,319165.8
4,2478,1339968.9,326694.7
4,2479,1348843.5,323255.8
4,2480,1373897.6,325729.1
4,2481,1365844.6,306742.3
4,2482,1365704.2,296416
4,2483,1366589.1,280826.7
4,2484,1360619.8,271329.3
4,2485,1360579.6,252695
4,2486,1360326,248421.3
4,2487,1357546.2,243606.6
4,2488,1366078.2,241820.4
4,2489,1333845.1,202925.9
4,2490,1313949.8,179182.5
4,2491,1354473.9,176985.2
4,2492,1341185.6,176062.3
4,2493,1341704.5,171497.2
4,2494,1349920.5,166951.6
4,2495,1360225,167057.8
4,2496,1341545.4,163772.6
4,2497,1353195.4,163827.9
4,2498,1337784.9,147529.1
4,2499,1309569.8,130421.7
4,2500,1296613.4,130421.7
5,2000,1200767.5,10543.1
5,2001,1216859.9,9020.8
5,2002,1220017.4,51441.8
5,2003,1229424.8,52197.1
5,2004,1217179.5,48118.7
5,2005,1247658.1,50401.8
5,2006,1253027.8,51099.8
5,2007,1260633.6,49699.1
5,2008,1254931.8,45910.5
5,2009,1259835.4,44725.2
5,2010,1249437.9,40996.8
5,2011,1225930.1,34716.6
5,2012,1214654.1,29707
5,2013,1212730,28679.1
5,2014,1200864.4,26348
5,2015,1206331.4,25045.2
5,2016,1210441,42197
5,2017,1202304.2,41516.7
5,2018,1208946.4,38481.6
5,2019,1251236.9,93366.2
5,2020,1252887,97911.1
5,2021,1268410.8,108985.4
5,2022,1278552.6,110549.3
5,2023,1277768.5,114961.4
5,2024,1283050.6,120037
5,2025,1299361.8,123363.3
5,2026,1283206.1,118693.5
5,2027,1284445.9,123704.4
5,2028,1335673.2,136681.1
5,2029,1318444.5,133848.9
5,2030,1329768.1,138711.6
5,2031,1318725.4,134313.9
5,2032,1328787.8,129863.4
5,2033,1296064,117138.8
5,2034,1283808.1,110225.1
5,2035,1278756.2,105907.7
5,2036,1270294.2,103048.4
5,2037,1296163.4,102296.5
5,2038,1266286.9,90210.2
5,2039,1260509.9,86197.6
5,2040,1262022.5,84610.7
5,2041,1263683.4,80320.6
5,2042,1268007.6,75802.7
5,2043,1256020,74779.3
5,2044,1250793.5,73833.8
5,2045,1234003.1,67519.3
5,2046,1229568.8,67196.1
5,2047,1220419,60662.1
5,2048,1234072.5,56900.7
5,2049,1224179,50583.9
5,2050,1211390.6,59574.1
5,2051,1225101.5,54560.8
5,2052,1222385.5,52672
5,2053,1213928.8,46810.8
5,2054,1207345.6,41570.5
5,2055,1204181.2,39388.7
5,2056,1215316,35819.4
5,2057,1225289.5,32191.2
5,2058,1218413.1,28899.1
5,2059,1215896,23459
5,2060,1212683.2,22708.4
5,2061,1209916.6,21608.7
5,2062,1218856.6,20439.4
5,2063,1216887.5,19952
5,2064,1218316.4,19587.1
5,2065,1232841.5,104612.6
5,2066,1235950.5,109630.9
5,2067,1238201.5,115638.9
5,2068,1230195.1,117130
5,2069,1234570.4,121398.8
5,2070,1220235.6,118649.4
5,2071,1225148.9,117980.8
5,2072,1228531.2,116923.5
5,2073,1259381.5,121534.3
5,2074,1256740.6,115840.9
5,2075,1246303.5,111260.1
5,2076,1245225.2,110194.8
5,2077,1232007.6,101559.9
5,2078,1221598.8,94345.3
5,2079,1215585.5,88595.9
5,2080,1211298.6,81289.4
5,2081,1202502,74235.5
5,2082,1207459.8,71591.5
5,2083,1196067.9,67718.7
5,2084,1198173.6,63210.9
5,2085,1192043.6,57365.8
5,2086,1180611,49441
5,2087,1187062.5,47186.2
5,2088,1185280,43703.3
5,2089,1189465.8,39335.6
5,2090,1186864.4,32507.4
5,2091,1192737.8,31803.3
5,2092,1190731.2,31200
5,2093,1172573.5,30301.2
5,2094,1174662.6,22669.8
5,2095,1164214.8,18216.6
5,2096,1169999,16997
5,2097,1173883.4,16997
5,2098,1167397.1,16652
5,2099,1172940,15458.2
5,2100,1161352.1,15458.2
5,2101,1157365,15163.1
5,2102,1175769.1,14191.8
5,2103,1177666.2,11879.9
5,2104,1170384.6,11879.9
5,2105,1182229.9,11558.1
5,2106,1162876.1,11558.1
5,2107,1160275.1,11055.8
5,2108,1153377,11055.8
5,2109,1135912.9,10799.4
5,2110,1133621.8,5942.7
5,2111,1125353.9,4986.3
5,2112,1130081.9,4438.7
5,2113,1132992.6,4438.7
5,2114,1128488,4438.7
5,2115,1143907.1,3599.1
5,2116,1139933.4,3277.2
5,2117,1142710.4,3254.3
5,2118,1132986.5,3254.3
5,2119,1135417.2,11772.1
5,2120,1156989.1,10409.7
5,2121,1158996,10276.2
5,2122,1179378.1,9153
5,2123,1171379.4,8566.8
5,2124,1152761,1850.7
5,2125,1160875.2,1635.8
5,2126,1164239.4,1614
5,2127,1154848.4,1614
5,2128,1183409.1,1614
5,2129,1173869.5,1614
5,2130,1199433.2,49419
5,2131,1201095.6,51491.9
5,2132,1201443.1,54939.8
5,2133,1205472,57089.4
5,2134,1208591.1,61910.7
5,2135,1209748,63441.6
5,2136,1207643.2,64503.8
5,2137,1213152.2,69741
5,2138,1198053.1,69239
5,2139,1229965.8,77950.8
5,2140,1229889.6,76650.9
5,2141,1227061.4,78720.8
5,2142,1209867.6,73367.9
5,2143,1195389,69042.7
5,2144,1201787.6,66474.9
5,2145,1197005.4,62390.1
5,2146,1189632.6,58842.8
5,2147,1186606.8,57148.2
5,2148,1184570.5,53054.3
5,2149,1186536.2,51218.3
5,2150,1197103,48176.5
5,2151,1182519.2,119989.6
5,2152,1179360.1,122218.4
5,2153,1226905.9,141931.7
5,2154,1225057.4,154100.1
5,2155,1233936.1,171564.1
5,2156,1229285.1,180990.5
5,2157,1231741.9,186342
5,2158,1223862.2,197413.5
5,2159,1209756.2,202531.8
5,2160,1205538.1,207641.9
5,2161,1197355,211857.7
5,2162,1230295.1,236809.5
5,2163,1228327.8,240024.6
5,2164,1220356.9,236628.6
5,2165,1240720.5,247829.5
5,2166,1239981,242895.2
5,2167,1247020.2,254392.7
5,2168,1249599.9,254202.8
5,2169,1223888.8,237694.3
5,2170,1210097,225615.4
5,2171,1193383.6,216192.4
5,2172,1182113,208318.2
5,2173,1175128.6,198241.8
5,2174,1192729.4,205220.4
5,2175,1178388.1,185091.2
5,2176,1161207.1,168122.3
5,2177,1141315.6,147974.3
5,2178,1125511,135938.6
5,2179,1117709.2,121547.5
5,2180,1125388.9,114293.9
5,2181,1126234,111885.6
5,2182,1117943.8,101908.8
5,2183,1125272.2,93769.1
5,2184,1121269.9,86542.1
5,2185,1117733,75699.1
5,2186,1122521.1,62377.4
5,2187,1147646.1,56844.2
5,2188,1152958,45229.7
5,2189,1151822.5,45229.7
5,2190,1160591.1,35962.1
5,2191,1160081.1,32596.7
5,2192,1155525.4,30210.9
5,2193,1174187.8,20442.4
5,2194,1172411.9,18973.9
5,2195,1173712.4,18278.6
5,2196,1175946.6,16968
5,2197,1176796.2,16419.4
5,2198,1174969.8,15934.9
5,2199,1172566.1,15879.8
5,2200,1172185.6,15879.8
5,2201,1177698.9,12813.4
5,2202,1160060.2,12298.5
5,2203,1159310,11189.6
5,2204,1159598.6,11073.6
5,2205,1166722.9,10952.7
5,2206,1158728,10952.7
5,2207,1155745,10952.7
5,2208,1145167.8,10952.7
5,2209,1168693.2,78905.9
5,2210,1174993.6,78715.8
5,2211,1163296.5,71700.4
5,2212,1170684.1,70479.3
5,2213,1172882,67353.9
5,2214,1202635.4,65430
5,2215,1242119,66407.1
5,2216,1275436.1,64981.6
5,2217,1276636.6,60412.7
5,2218,1299143.8,57350.5
5,2219,1306800.2,54664.4
5,2220,1314495.8,52683.6
5,2221,1312584.2,48434.8
5,2222,1309424.2,48053
5,2223,1303864.9,42194.2
5,2224,1301941.6,39692.1
5,2225,1287634.5,35658.5
5,2226,1275703.9,72066.6
5,2227,1260515.1,63946.6
5,2228,1264855.4,62647.4
5,2229,1256143.1,57044
5,2230,1241543.2,51002.7
5,2231,1232237.5,44776.8
5,2232,1230026.5,42936
5,2233,1228468,42329.4
5,2234,1211797.2,42390.4
5,2235,1205192.1,41907.3
5,2236,1197265.1,35542.9
5,2237,1196310.4,35542.9
5,2238,1226894,34416.4
5,2239,1233460.9,31031.5
5,2240,1229902,27548.8
5,2241,1228871.1,26706.7
5,2242,1229966.2,21810.1
5,2243,1225655.8,90773.7
5,2244,1288411.4,105784.4
5,2245,1274942.9,110752.9
5,2246,1258880.4,112519
5,2247,1257502.2,120664.9
5,2248,1263503.5,129474.2
5,2249,1264583.8,141871.8
5,2250,1256216,144910.5
5,2251,1251614.8,139440.5
5,2252,1233733.1,132652.5
5,2253,1228970.9,129436.4
5,2254,1221332.4,130597.2
5,2255,1215974.5,127860.7
5,2256,1200168.4,120455.1
5,2257,1196452.2,116445
5,2258,1191538.5,109863.8
5,2259,1188323,105097.3
5,2260,1206649.4,103086.2
5,2261,1207454.4,100271.9
5,2262,1200074.6,95527.7
5,2263,1198349.1,93570.4
5,2264,1193695.2,88863.4
5,2265,1181915.2,81386.5
5,2266,1182635.2,78173.8
5,2267,1204207.9,78627.2
5,2268,1207453,71563.3
5,2269,1232236.1,66198.1
5,2270,1227497.4,61871.7
5,2271,1236411.9,60334.5
5,2272,1229669.5,52162.2
5,2273,1224837.9,51550.7
5,2274,1229176.4,51550.7
5,2275,1218668.5,50994.1
5,2276,1201636.1,46857
5,2277,1222525.2,46227.8
5,2278,1218895.6,42861.4
5,2279,1218916.5,37370.1
5,2280,1205670.1,29799
5,2281,1177494.4,29201.6
5,2282,1170710.5,29103
5,2283,1149894,29103
5,2284,1139267.1,29053.1
5,2285,1138095.1,23410.2
5,2286,1136328.9,23410.2
5,2287,1128951.5,22246.7
5,2288,1117158.8,22246.7
5,2289,1125296,18121.6
5,2290,1142613.1,16197.9
5,2291,1141379.2,16197.9
5,2292,1137758.9,16197.9
5,2293,1134513,16197.9
5,2294,1128684.4,15607.2
5,2295,1122120.6,13423.3
5,2296,1112826.2,13423.3
5,2297,1108012.9,13423.3
5,2298,1112038,9744
5,2299,1119384.1,7994.8
5,2300,1130432.1,7994.8
5,2301,1119258.1,7994.8
5,2302,1110072.9,7862.9
5,2303,1111674,6234.3
5,2304,1100477.9,6234.3
5,2305,1098560.4,6234.3
5,2306,1127929.8,5025
5,2307,1120750,5025
5,2308,1122395.4,4893.8
5,2309,1127467.1,4504.5
5,2310,1124819.6,4358.3
5,2311,1127374,4215.8
5,2312,1125258.5,4215.8
5,2313,1147481.5,2737.1
5,2314,1144779,2737.1
5,2315,1134212.2,2737.1
5,2316,1139015.5,2582.9
5,2317,1134814.4,44565
5,2318,1128925.2,43357.6
5,2319,1159861.5,44978.3
5,2320,1162199.5,47512.8
5,2321,1178837.1,51002.1
5,2322,1172575.2,53852.6
5,2323,1169696.6,51565.1
5,2324,1182407.9,53375.9
5,2325,1185663.5,52939
5,2326,1186420.8,50932.3
5,2327,1185936.1,48119.7
5,2328,1184680.4,43887
5,2329,1198671.8,42288.1
5,2330,1210365.5,106577.5
5,2331,1201330.2,114043.3
5,2332,1236870.9,130662.7
5,2333,1233985.2,144890.6
5,2334,1228575.6,160455.2
5,2335,1230358.1,166059.5
5,2336,1243907.5,186540.4
5,2337,1241345.1,192828.6
5,2338,1229925.2,200734.4
5,2339,1235413.4,203762.6
5,2340,1250466,222312.9
5,2341,1244373,228014.1
5,2342,1266616.8,244956.2
5,2343,1274803.5,267647.8
5,2344,1271546.5,274882.2
5,2345,1280429.2,285905.4
5,2346,1286461.6,298609.3
5,2347,1281630.8,302371.2
5,2348,1290933.2,307328.3
5,2349,1295922.2,310788.4
5,2350,1293530.6,302968.9
5,2351,1288296.4,292848.4
5,2352,1299150.1,300098.8
5,2353,1282136.8,284779.5
5,2354,1261187.6,265712.2
5,2355,1244190.4,249002.4
5,2356,1237373.1,238610.3
5,2357,1260654.1,236749.7
5,2358,1243017.1,218471.4
5,2359,1243696.4,212549.3
5,2360,1235464.6,196032
5,2361,1212490.9,173189
5,2362,1223099.6,159817.9
5,2363,1207006,137294.3
5,2364,1206821,123817.9
5,2365,1199865.4,115100.1
5,2366,1232423.9,112656.7
5,2367,1230484.4,99493.1
5,2368,1227024.9,87175.4
5,2369,1211002.1,78423.8
5,2370,1209748.1,72326.6
5,2371,1214186.9,70567.5
5,2372,1210746.1,60222.2
5,2373,1220809.5,46112.3
5,2374,1217732.5,45612.5
5,2375,1209032.9,45612.5
5,2376,1214174.1,43608.1
5,2377,1247068.4,38150.2
5,2378,1252952.1,38150.2
5,2379,1252742.4,35117.3
5,2380,1259589.8,27284.4
5,2381,1264849,24459.1
5,2382,1261910.5,24459.1
5,2383,1258638.4,21544.9
5,2384,1256853.1,14270.8
5,2385,1270248.5,167730.7
5,2386,1294413.6,182279.1
5,2387,1299976,187495.5
5,2388,1296486.9,190653.9
5,2389,1285694.4,197662.6
5,2390,1256705.8,191604.9
5,2391,1297333.6,209956.5
5,2392,1298582.8,215197.1
5,2393,1287831.9,211813.6
5,2394,1289978.4,214891
5,2395,1297484.4,218750.6
5,2396,1297210.5,214352.7
5,2397,1310801.5,213847.2
5,2398,1300400.2,199849.7
5,2399,1281453.8,187009
5,2400,1255675.4,162837.2
5,2401,1251548.9,153902.3
5,2402,1238671.9,136552.2
5,2403,1247126,133279.8
5,2404,1228350.4,121933
5,2405,1216963.9,110401.3
5,2406,1209692.2,109194.5
5,2407,1219336.5,109194.5
5,2408,1222566.4,107954
5,2409,1216189.6,94506.4
5,2410,1202836.2,83641.6
5,2411,1191426,79965.8
5,2412,1189696.4,72173
5,2413,1179613.6,70749.7
5,2414,1185473.9,63612.2
5,2415,1170490.8,53002.7
5,2416,1176421.9,45904.2
5,2417,1174002.8,36539.5
5,2418,1203242.6,33920.8
5,2419,1205150.6,26285.2
5,2420,1206825.4,25917.5
5,2421,1197486,23529.3
5,2422,1195851.2,21544.1
5,2423,1193767.1,20930
5,2424,1237930.8,20930
5,2425,1238004.1,20492.2
5,2426,1228699.9,19592.8
5,2427,1231305,14765
5,2428,1236679.5,14765
5,2429,1234110.8,14765
5,2430,1244496.2,10716.2
5,2431,1233931.8,10716.2
5,2432,1230112.8,10716.2
5,2433,1220611.8,10716.2
5,2434,1224523,9239.3
5,2435,1222721.5,9089.8
5,2436,1253506.8,5232.3
5,2437,1248130,5232.3
5,2438,1260757.6,4158.3
5,2439,1253121.5,3979.1
5,2440,1257622.4,60309.7
5,2441,1249189.8,58821.6
5,2442,1242582.4,58516.8
5,2443,1244709.5,59465
5,2444,1252735.1,61558.1
5,2445,1250537.4,57372.5
5,2446,1267240.6,56588.8
5,2447,1281148.4,54277.3
5,2448,1310997,51766.5
5,2449,1294885,45486.3
5,2450,1333354.5,43659.3
5,2451,1330878.2,156581.5
5,2452,1336378,174077.6
5,2453,1328467.5,179425.6
5,2454,1322657.8,193653.4
5,2455,1325177.2,206152.1
5,2456,1344803.1,232330.7
5,2457,1324436.2,240288.9
5,2458,1332941.4,250247.4
5,2459,1332642.6,263651.2
5,2460,1323511.1,280575.5
5,2461,1318509.9,302368.3
5,2462,1353988,325000.1
5,2463,1354394.2,334071.6
5,2464,1351665.4,334306.7
5,2465,1351515,342650.9
5,2466,1332768,332762.3
5,2467,1305767.1,312339.3
5,2468,1299183.2,301924.1
5,2469,1288614.4,286989.7
5,2470,1297541.8,304275.2
5,2471,1296895.6,311038.1
5,2472,1301348.6,310704.9
5,2473,1304971.1,314258.7
5,2474,1310558.9,320430.5
5,2475,1319789.9,331828.3
5,2476,1313287.1,318589.2
5,2477,1317408.8,319165.8
5,2478,1339968.9,326694.7
5,2479,1348843.5,323255.8
5,2480,1373897.6,325729.1
5,2481,1365844.6,306742.3
5,2482,1365704.2,296416
5,2483,1366589.1,280826.7
5,2484,1360619.8,271329.3
5,2485,1360579.6,252695
5,2486,1360326,248421.3
5,2487,1357546.2,243606.6
5,2488,1366078.2,241820.4
5,2489,1333845.1,202925.9
5,2490,1313949.8,179182.5
5,2491,1354473.9,176985.2
5,2492,1341185.6,176062.3
5,2493,1341704.5,171497.2
5,2494,1349920.5,166951.6
5,2495,1360225,167057.8
5,2496,1341545.4,163772.6
5,2497,1353195.4,163827.9
5,2498,1337784.9,147529.1
5,2499,1309569.8,130421.7
5,2500,1296613.4,130421.7
6,2000,1200767.5,10543.1
6,2001,1216859.9,9020.8
6,2002,1220017.4,51441.8
6,2003,1229424.8,52197.1
6,2004,1217179.5,48118.7
6,2005,1247658.1,50401.8
6,2006,1253027.8,51099.8
6,2007,1260633.6,49699.1
6,2008,1254931.8,45910.5
6,2009,1259835.4,44725.2
6,2010,1249437.9,40996.8
6,2011,1225930.1,34716.6
6,2012,1214654.1,29707
6,2013,1212730,28679.1
6,2014,1200864.4,26348
6,2015,1206331.4,25045.2
6,2016,1210441,42197
6,2017,1202304.2,41516.7
6,2018,1208946.4,38481.6
6,2019,1251236.9,93366.2
6,2020,1252887,97911.1
6,2021,1268410.8,108985.4
6,2022,1278552.6,110549.3
6,2023,1277768.5,114961.4
6,2024,1283050.6,120037
6,2025,1299361.8,123363.3
6,2026,1283206.1,118693.5
6,2027,1284445.9,123704.4
6,2028,1335673.2,136681.1
6,2029,1318444.5,133848.9
6,2030,1329768.1,138711.6
6,2031,1318725.4,134313.9
6,2032,1328787.8,129863.4
6,2033,1296064,117138.8
6,2034,1283808.1,110225.1
6,2035,1278756.2,105907.7
6,2036,1270294.2,103048.4
6,2037,1296163.4,102296.5
6,2038,1266286.9,90210.2
6,2039,1260509.9,86197.6
6,2040,1262022.5,84610.7
6,2041,1263683.4,80320.6
6,2042,1268007.6,75802.7
6,2043,1256020,74779.3
6,2044,1250793.5,73833.8
6,2045,1234003.1,67519.3
6,2046,1229568.8,67196.1
6,2047,1220419,60662.1
6,2048,1234072.5,56900.7
6,2049,1224179,50583.9
6,2050,1211390.6,59574.1
6,2051,1225101.5,54560.8
6,2052,1222385.5,52672
6,2053,1213928.8,46810.8
6,2054,1207345.6,41570.5
6,2055,1204181.2,39388.7
6,2056,1215316,35819.4
6,2057,1225289.5,32191.2
6,2058,1218413.1,28899.1
6,2059,1215896,23459
6,2060,1212683.2,22708.4
6,2061,1209916.6,21608.7
6,2062,1218856.6,20439.4
6,2063,1216887.5,19952
6,2064,1218316.4,19587.1
6,2065,1232841.5,104612.6
6,2066,1235950.5,109630.9
6,2067,1238201.5,115638.9
6,2068,1230195.1,117130
6,2069,1234570.4,121398.8
6,2070,1220235.6,118649.4
6,2071,1225148.9,117980.8
6,2072,1228531.2,116923.5
6,2073,1259381.5,121534.3
6,2074,1256740.6,115840.9
6,2075,1246303.5,111260.1
6,2076,1245225.2,110194.8
6,2077,1232007.6,101559.9
6,2078,1221598.8,94345.3
6,2079,1215585.5,88595.9
6,2080,1211298.6,81289.4
6,2081,1202502,74235.5
6,2082,1207459.8,71591.5
6,2083,1196067.9,67718.7
6,2084,1198173.6,63210.9
6,2085,1192043.6,57365.8
6,2086,1180611,49441
6,2087,1187062.5,47186.2
6,2088,1185280,43703.3
6,2089,1189465.8,39335.6
6,2090,1186864.4,32507.4
6,2091,1192737.8,31803.3
6,2092,1190731.2,31200
6,2093,1172573.5,30301.2
6,2094,1174662.6,22669.8
6,2095,1164214.8,18216.6
6,2096,1169999,16997
6,2097,1173883.4,16997
6,2098,1167397.1,16652
6,2099,1172940,15458.2
6,2100,1161352.1,15458.2
6,2101,1157365,15163.1
6,2102,1175769.1,14191.8
6,2103,1177666.2,11879.9
6,2104,1170384.6,11879.9
6,2105,1182229.9,11558.1
6,2106,1162876.1,11558.1
6,2107,1160275.1,11055.8
6,2108,1153377,11055.8
6,2109,1135912.9,10799.4
6,2110,1133621.8,5942.7
6,2111,1125353.9,4986.3
6,2112,1130081.9,4438.7
6,2113,1132992.6,4438.7
6,2114,1128488,4438.7
6,2115,1143907.1,3599.1
6,2116,1139933.4,3277.2
6,2117,1142710.4,3254.3
6,2118,1132986.5,3254.3
6,2119,1135417.2,11772.1
6,2120,1156989.1,10409.7
6,2121,1158996,10276.2
6,2122,1179378.1,9153
6,2123,1171379.4,8566.8
6,2124,1152761,1850.7
6,2125,1160875.2,1635.8
6,2126,1164239.4,1614
6,2127,1154848.4,1614
6,2128,1183409.1,1614
6,2129,1173869.5,1614
6,2130,1199433.2,49419
6,2131,1201095.6,51491.9
6,2132,1201443.1,54939.8
6,2133,1205472,57089.4
6,2134,1208591.1,61910.7
6,2135,1209748,63441.6
6,2136,1207643.2,64503.8
6,2137,1213152.2,69741
6,2138,1198053.1,69239
6,2139,1229965.8,77950.8
6,2140,1229889.6,76650.9
6,2141,1227061.4,78720.8
6,2142,1209867.6,73367.9
6,2143,1195389,69042.7
6,2144,1201787.6,66474.9
6,2145,1197005.4,62390.1
6,2146,1189632.6,58842.8
6,2147,1186606.8,57148.2
6,2148,1184570.5,53054.3
6,2149,1186536.2,51218.3
6,2150,1197103,48176.5
6,2151,1182519.2,119989.6
6,2152,1179360.1,122218.4
6,2153,1226905.9,141931.7
6,2154,1225057.4,154100.1
6,2155,1233936.1,171564.1
6,2156,1229285.1,180990.5
6,2157,1231741.9,186342
6,2158,1223862.2,197413.5
6,2159,1209756.2,202531.8
6,2160,1205538.1,207641.9
6,2161,1197355,211857.7
6,2162,1230295.1,236809.5
6,2163,1228327.8,240024.6
6,2164,1220356.9,236628.6
6,2165,1240720.5,247829.5
6,2166,1239981,242895.2
6,2167,1247020.2,254392.7
6,2168,1249599.9,254202.8
6,2169,1223888.8,237694.3
6,2170,1210097,225615.4
6,2171,1193383.6,216192.4
6,2172,1182113,208318.2
6,2173,1175128.6,198241.8
6,2174,1192729.4,205220.4
6,2175,1178388.1,185091.2
6,2176,1161207.1,168122.3
6,2177,1141315.6,147974.3
6,2178,1125511,135938.6
6,2179,1117709.2,121547.5
6,2180,1125388.9,114293.9
6,2181,1126234,111885.6
6,2182,1117943.8,101908.8
6,2183,1125272.2,93769.1
6,2184,1121269.9,86542.1
6,2185,1117733,75699.1
6,2186,1122521.1,62377.4
6,2187,1147646.1,56844.2
6,2188,1152958,45229.7
6,2189,1151822.5,45229.7
6,2190,1160591.1,35962.1
6,2191,1160081.1,32596.7
6,2192,1155525.4,30210.9
6,2193,1174187.8,20442.4
6,2194,1172411.9,18973.9
6,2195,1173712.4,18278.6
6,2196,1175946.6,16968
6,2197,1176796.2,16419.4
6,2198,1174969.8,15934.9
6,2199,1172566.1,15879.8
6,2200,1172185.6,15879.8
6,2201,1177698.9,12813.4
6,2202,1160060.2,12298.5
6,2203,1159310,11189.6
6,2204,1159598.6,11073.6
6,2205,1166722.9,10952.7
6,2206,1158728,10952.7
6,2207,1155745,10952.7
6,2208,1145167.8,10952.7
6,2209,1168693.2,78905.9
6,2210,1174993.6,78715.8
6,2211,1163296.5,71700.4
6,2212,1170684.1,70479.3
6,2213,1172882,67353.9
6,2214,1202635.4,65430
6,2215,1242119,66407.1
6,2216,1275436.1,64981.6
6,2217,1276636.6,60412.7
6,2218,1299143.8,57350.5
6,2219,1306800.2,54664.4
6,2220,1314495.8,52683.6
6,2221,1312584.2,48434.8
6,2222,1309424.2,48053
6,2223,1303864.9,42194.2
6,2224,1301941.6,39692.1
6,2225,1287634.5,35658.5
6,2226,1275703.9,72066.6
6,2227,1260515.1,63946.6
6,2228,1264855.4,62647.4
6,2229,1256143.1,57044
6,2230,1241543.2,51002.7
6,2231,1232237.5,44776.8
6,2232,1230026.5,42936
6,2233,1228468,42329.4
6,2234,1211797.2,42390.4
6,2235,1205192.1,41907.3
6,2236,1197265.1,35542.9
6,2237,1196310.4,35542.9
6,2238,1226894,34416.4
6,2239,1233460.9,31031.5
6,2240,1229902,27548.8
6,2241,1228871.1,26706.7
6,2242,1229966.2,21810.1
6,2243,1225655.8,90773.7
6,2244,1288411.4,105784.4
6,2245,1274942.9,110752.9
6,2246,1258880.4,112519
6,2247,1257502.2,120664.9
6,2248,1263503.5,129474.2
6,2249,1264583.8,141871.8
6,2250,1256216,144910.5
6,2251,1251614.8,139440.5
6,2252,1233733.1,132652.5
6,2253,1228970.9,129436.4
6,2254,1221332.4,130597.2
6,2255,1215974.5,127860.7
6,2256,1200168.4,120455.1
6,2257,1196452.2,116445
6,2258,1191538.5,109863.8
6,2259,1188323,105097.3
6,2260,1206649.4,103086.2
6,2261,1207454.4,100271.9
6,2262,1200074.6,95527.7
6,2263,1198349.1,93570.4
6,2264,1193695.2,88863.4
6,2265,1181915.2,81386.5
6,2266,1182635.2,78173.8
6,2267,1204207.9,78627.2
6,2268,1207453,71563.3
6,2269,1232236.1,66198.1
6,2270,1227497.4,61871.7
6,2271,1236411.9,60334.5
6,2272,1229669.5,52162.2
6,2273,1224837.9,51550.7
6,2274,1229176.4,51550.7
6,2275,1218668.5,50994.1
6,2276,1201636.1,46857
6,2277,1222525.2,46227.8
6,2278,1218895.6,42861.4
6,2279,1218916.5,37370.1
6,2280,1205670.1,29799
6,2281,1177494.4,29201.6
6,2282,1170710.5,29103
6,2283,1149894,29103
6,2284,1139267.1,29053.1
6,2285,1138095.1,23410.2
6,2286,1136328.9,23410.2
6,2287,1128951.5,22246.7
6,2288,1117158.8,22246.7
6,2289,1125296,18121.6
6,2290,1142613.1,16197.9
6,2291,1141379.2,16197.9
6,2292,1137758.9,16197.9
6,2293,1134513,16197.9
6,2294,1128684.4,15607.2
6,2295,1122120.6,13423.3
6,2296,1112826.2,13423.3
6,2297,1108012.9,13423.3
6,2298,1112038,9744
6,2299,1119384.1,7994.8
6,2300,1130432.1,7994.8
6,2301,1119258.1,7994.8
6,2302,1110072.9,7862.9
6,2303,1111674,6234.3
6,2304,1100477.9,6234.3
6,2305,1098560.4,6234.3
6,2306,1127929.8,5025
6,2307,1120750,5025
6,2308,1122395.4,4893.8
6,2309,1127467.1,4504.5
6,2310,1124819.6,4358.3
6,2311,1127374,4215.8
6,2312,1125258.5,4215.8
6,2313,1147481.5,2737.1
6,2314,1144779,2737.1
6,2315,1134212.2,2737.1
6,2316,1139015.5,2582.9
6,2317,1134814.4,44565
6,2318,1128925.2,43357.6
6,2319,1159861.5,44978.3
6,2320,1162199.5,47512.8
6,2321,1178837.1,51002.1
6,2322,1172575.2,53852.6
6,2323,1169696.6,51565.1
6,2324,1182407.9,53375.9
6,2325,1185663.5,52939
6,2326,1186420.8,50932.3
6,2327,1185936.1,48119.7
6,2328,1184680.4,43887
6,2329,1198671.8,42288.1
6,2330,1210365.5,106577.5
6,2331,1201330.2,114043.3
6,2332,1236870.9,130662.7
6,2333,1233985.2,144890.6
6,2334,1228575.6,160455.2
6,2335,1230358.1,166059.5
6,2336,1243907.5,186540.4
6,2337,1241345.1,192828.6
6,2338,1229925.2,200734.4
6,2339,1235413.4,203762.6
6,2340,1250466,222312.9
6,2341,1244373,228014.1
6,2342,1266616.8,244956.2
6,2343,1274803.5,267647.8
6,2344,1271546.5,274882.2
6,2345,1280429.2,285905.4
6,2346,1286461.6,298609.3
6,2347,1281630.8,302371.2
6,2348,1290933.2,307328.3
6,2349,1295922.2,310788.4
6,2350,1293530.6,302968.9
6,2351,1288296.4,292848.4
6,2352,1299150.1,300098.8
6,2353,1282136.8,284779.5
6,2354,1261187.6,265712.2
6,2355,1244190.4,249002.4
6,2356,1237373.1,238610.3
6,2357,1260654.1,236749.7
6,2358,1243017.1,218471.4
6,2359,1243696.4,212549.3
6,2360,1235464.6,196032
6,2361,1212490.9,173189
6,2362,1223099.6,159817.9
6,2363,1207006,137294.3
6,2364,1206821,123817.9
6,2365,1199865.4,115100.1
6,2366,1232423.9,112656.7
6,2367,1230484.4,99493.1
6,2368,1227024.9,87175.4
6,2369,1211002.1,78423.8
6,2370,1209748.1,72326.6
6,2371,1214186.9,70567.5
6,2372,1210746.1,60222.2
6,2373,1220809.5,46112.3
6,2374,1217732.5,45612.5
6,2375,1209032.9,45612.5
6,2376,1214174.1,43608.1
6,2377,1247068.4,38150.2
6,2378,1252952.1,38150.2
6,2379,1252742.4,35117.3
6,2380,1259589.8,27284.4
6,2381,1264849,24459.1
6,2382,1261910.5,24459.1
6,2383,1258638.4,21544.9
6,2384,1256853.1,14270.8
6,2385,1270248.5,167730.7
6,2386,1294413.6,182279.1
6,2387,1299976,187495.5
6,2388,1296486.9,190653.9
6,2389,1285694.4,197662.6
6,2390,1256705.8,191604.9
6,2391,1297333.6,209956.5
6,2392,1298582.8,215197.1
6,2393,1287831.9,211813.6
6,2394,1289978.4,214891
6,2395,1297484.4,218750.6
6,2396,1297210.5,214352.7
6,2397,1310801.5,213847.2
6,2398,1300400.2,199849.7
6,2399,1281453.8,187009
6,2400,1255675.4,162837.2
6,2401,1251548.9,153902.3
6,2402,1238671.9,136552.2
6,2403,1247126,133279.8
6,2404,1228350.4,121933
6,2405,1216963.9,110401.3
6,2406,1209692.2,109194.5
6,2407,1219336.5,109194.5
6,2408,1222566.4,107954
6,2409,1216189.6,94506.4
6,2410,1202836.2,83641.6
6,2411,1191426,79965.8
6,2412,1189696.4,72173
6,2413,1179613.6,70749.7
6,2414,1185473.9,63612.2
6,2415,1170490.8,53002.7
6,2416,1176421.9,45904.2
6,2417,1174002.8,36539.5
6,2418,1203242.6,33920.8
6,2419,1205150.6,26285.2
6,2420,1206825.4,25917.5
6,2421,1197486,23529.3
6,2422,1195851.2,21544.1
6,2423,1193767.1,20930
6,2424,1237930.8,20930
6,2425,1238004.1,20492.2
6,2426,1228699.9,19592.8
6,2427,1231305,14765
6,2428,1236679.5,14765
6,2429,1234110.8,14765
6,2430,1244496.2,10716.2
6,2431,1233931.8,10716.2
6,2432,1230112.8,10716.2
6,2433,1220611.8,10716.2
6,2434,1224523,9239.3
6,2435,1222721.5,9089.8
6,2436,1253506.8,5232.3
6,2437,1248130,5232.3
6,2438,1260757.6,4158.3
6,2439,1253121.5,3979.1
6,2440,1257622.4,60309.7
6,2441,1249189.8,58821.6
6,2442,1242582.4,58516.8
6,2443,1244709.5,59465
6,2444,1252735.1,61558.1
6,2445,1250537.4,57372.5
6,2446,1267240.6,56588.8
6,2447,1281148.4,54277.3
6,2448,1310997,51766.5
6,2449,1294885,45486.3
6,2450,1333354.5,43659.3
6,2451,1330878.2,156581.5
6,2452,1336378,174077.6
6,2453,1328467.5,179425.6
6,2454,1322657.8,193653.4
6,2455,1325177.2,206152.1
6,2456,1344803.1,232330.7
6,2457,1324436.2,240288.9
6,2458,1332941.4,250247.4
6,2459,1332642.6,263651.2
6,2460,1323511.1,280575.5
6,2461,1318509.9,302368.3
6,2462,1353988,325000.1
6,2463,1354394.2,334071.6
6,2464,1351665.4,334306.7
6,2465,1351515,342650.9
6,2466,1332768,332762.3
6,2467,1305767.1,312339.3
6,2468,1299183.2,301924.1
6,2469,1288614.4,286989.7
6,2470,1297541.8,304275.2
6,2471,1296895.6,311038.1
6,2472,1301348.6,310704.9
6,2473,1304971.1,314258.7
6,2474,1310558.9,320430.5
6,2475,1319789.9,331828.3
6,2476,1313287.1,318589.2
6,2477,1317408.8,319165.8
6,2478,1339968.9,326694.7
6,2479,1348843.5,323255.8
6,2480,1373897.6,325729.1
6,2481,1365844.6,306742.3
6,2482,1365704.2,296416
6,2483,1366589.1,280826.7
6,2484,1360619.8,271329.3
6,2485,1360579.6,252695
6,2486,1360326,248421.3
6,2487,1357546.2,243606.6
6,2488,1366078.2,241820.4
6,2489,1333845.1,202925.9
6,2490,1313949.8,179182.5
6,2491,1354473.9,176985.2
6,2492,1341185.6,176062.3
6,2493,1341704.5,171497.2
6,2494,1349920.5,166951.6
6,2495,1360225,167057.8
6,2496,1341545.4,163772.6
6,2497,1353195.4,163827.9
6,2498,1337784.9,147529.1
6,2499,1309569.8,130421.7
6,2500,1296613.4,130421.7
7,2000,1200767.5,10543.1
7,2001,1216859.9,9020.8
7,2002,1220017.4,51441.8
7,2003,1229424.8,52197.1
7,2004,1217179.5,48118.7
7,2005,1247658.1,50401.8
7,2006,1253027.8,51099.8
7,2007,1260633.6,49699.1
7,2008,1254931.8,45910.5
7,2009,1259835.4,44725.2
7,2010,1249437.9,40996.8
7,2011,1225930.1,34716.6
7,2012,1214654.1,29707
7,2013,1212730,28679.1
7,2014,1200864.4,26348
7,2015,1206331.4,25045.2
7,2016,1210441,42197
7,2017,1202304.2,41516.7
7,2018,1208946.4,38481.6
7,2019,1251236.9,93366.2
7,2020,1252887,97911.1
7,2021,1268410.8,108985.4
7,2022,1278552.6,110549.3
7,2023,1277768.5,114961.4
7,2024,1283050.6,120037
7,2025,1299361.8,123363.3
7,2026,1283206.1,118693.5
7,2027,1284445.9,123704.4
7,2028,1335673.2,136681.1
7,2029,1318444.5,133848.9
7,2030,1329768.1,138711.6
7,2031,1318725.4,134313.9
7,2032,1328787.8,129863.4
7,2033,1296064,117138.8
7,2034,1283808.1,110225.1
7,2035,1278756.2,105907.7
7,2036,1270294.2,103048.4
7,2037,1296163.4,102296.5
7,2038,1266286.9,90210.2
7,2039,1260509.9,86197.6
7,2040,1262022.5,84610.7
7,2041,1263683.4,80320.6
7,2042,1268007.6,75802.7
7,2043,1256020,74779.3
7,2044,1250793.5,73833.8
7,2045,1234003.1,67519.3
7,2046,1229568.8,67196.1
7,2047,1220419,60662.1
7,2048,1234072.5,56900.7
7,2049,1224179,50583.9
7,2050,1211390.6,59574.1
7,2051,1225101.5,54560.8
7,2052,1222385.5,52672
7,2053,1213928.8,46810.8
7,2054,1207345.6,41570.5
7,2055,1204181.2,39388.7
7,2056,1215316,35819.4
7,2057,1225289.5,32191.2
7,2058,1218413.1,28899.1
7,2059,1215896,23459
7,2060,1212683.2,22708.4
7,2061,1209916.6,21608.7
7,2062,1218856.6,20439.4
7,2063,1216887.5,19952
7,2064,1218316.4,19587.1
7,2065,1232841.5,104612.6
7,2066,1235950.5,109630.9
7,2067,1238201.5,115638.9
7,2068,1230195.1,117130
7,2069,1234570.4,121398.8
7,2070,1220235.6,118649.4
7,2071,1225148.9,117980.8
7,2072,1228531.2,116923.5
7,2073,1259381.5,121534.3
7,2074,1256740.6,115840.9
7,2075,1246303.5,111260.1
7,2076,1245225.2,110194.8
7,2077,1232007.6,101559.9
7,2078,1221598.8,94345.3
7,2079,1215585.5,88595.9
7,2080,1211298.6,81289.4
7,2081,1202502,74235.5
7,2082,1207459.8,71591.5
7,2083,1196067.9,67718.7
7,2084,1198173.6,63210.9
7,2085,1192043.6,57365.8
7,2086,1180611,49441
7,2087,1187062.5,47186.2
7,2088,1185280,43703.3
7,2089,1189465.8,39335.6
7,2090,1186864.4,32507.4
7,2091,1192737.8,31803.3
7,2092,1190731.2,31200
7,2093,1172573.5,30301.2
7,2094,1174662.6,22669.8
7,2095,1164214.8,18216.6
7,2096,1169999,16997
7,2097,1173883.4,16997
7,2098,1167397.1,16652
7,2099,1172940,15458.2
7,2100,1161352.1,15458.2
7,2101,1157365,15163.1
7,2102,1175769.1,14191.8
7,2103,1177666.2,11879.9
7,2104,1170384.6,11879.9
7,2105,1182229.9,11558.1
7,2106,1162876.1,11558.1
7,2107,1160275.1,11055.8
7,2108,1153377,11055.8
7,2109,1135912.9,10799.4
7,2110,1133621.8,5942.7
7,2111,1125353.9,4986.3
7,2112,1130081.9,4438.7
7,2113,1132992.6,4438.7
7,2114,1128488,4438.7
7,2115,1143907.1,3599.1
7,2116,1139933.4,3277.2
7,2117,1142710.4,3254.3
7,2118,1132986.5,3254.3
7,2119,1135417.2,11772.1
7,2120,1156989.1,10409.7
7,2121,1158996,10276.2
7,2122,1179378.1,9153
7,2123,1171379.4,8566.8
7,2124,1152761,1850.7
7,2125,1160875.2,1635.8
7,2126,1164239.4,1614
7,2127,1154848.4,1614
7,2128,1183409.1,1614
7,2129,1173869.5,1614
7,2130,1199433.2,49419
7,2131,1201095.6,51491.9
7,2132,1201443.1,54939.8
7,2133,1205472,57089.4
7,2134,1208591.1,61910.7
7,2135,1209748,63441.6
7,2136,1207643.2,64503.8
7,2137,1213152.2,69741
7,2138,1198053.1,69239
7,2139,1229965.8,77950.8
7,2140,1229889.6,76650.9
7,2141,1227061.4,78720.8
7,2142,1209867.6,73367.9
7,2143,1195389,69042.7
7,2144,1201787.6,66474.9
7,2145,1197005.4,62390.1
7,2146,1189632.6,58842.8
7,2147,1186606.8,57148.2
7,2148,1184570.5,53054.3
7,2149,1186536.2,51218.3
7,2150,1197103,48176.5
7,2151,1182519.2,119989.6
7,2152,1179360.1,122218.4
7,2153,1226905.9,141931.7
7,2154,1225057.4,154100.1
7,2155,1233936.1,171564.1
7,2156,1229285.1,180990.5
7,2157,1231741.9,186342
7,2158,1223862.2,197413.5
7,2159,1209756.2,202531.8
7,2160,1205538.1,207641.9
7,2161,1197355,211857.7
7,2162,1230295.1,236809.5
7,2163,1228327.8,240024.6
7,2164,1220356.9,236628.6
7,2165,1240720.5,247829.5
7,2166,1239981,242895.2
7,2167,1247020.2,254392.7
7,2168,1249599.9,254202.8
7,2169,1223888.8,237694.3
7,2170,1210097,225615.4
7,2171,1193383.6,216192.4
7,2172,1182113,208318.2
7,2173,1175128.6,198241.8
7,2174,1192729.4,205220.4
7,2175,1178388.1,185091.2
7,2176,1161207.1,168122.3
7,2177,1141315.6,147974.3
7,2178,1125511,135938.6
7,2179,1117709.2,121547.5
7,2180,1125388.9,114293.9
7,2181,1126234,111885.6
7,2182,1117943.8,101908.8
7,2183,1125272.2,93769.1
7,2184,1121269.9,86542.1
7,2185,1117733,75699.1
7,2186,1122521.1,62377.4
7,2187,1147646.1,56844.2
7,2188,1152958,45229.7
7,2189,1151822.5,45229.7
7,2190,1160591.1,35962.1
7,2191,1160081.1,32596.7
7,2192,1155525.4,30210.9
7,2193,1174187.8,20442.4
7,2194,1172411.9,18973.9
7,2195,1173712.4,18278.6
7,2196,1175946.6,16968
7,2197,1176796.2,16419.4
7,2198,1174969.8,15934.9
7,2199,1172566.1,15879.8
7,2200,1172185.6,15879.8
7,2201,1177698.9,12813.4
7,2202,1160060.2,12298.5
7,2203,1159310,11189.6
7,2204,1159598.6,11073.6
7,2205,1166722.9,10952.7
7,2206,1158728,10952.7
7,2207,1155745,10952.7
7,2208,1145167.8,10952.7
7,2209,1168693.2,78905.9
7,2210,1174993.6,78715.8
7,2211,1163296.5,71700.4
7,2212,1170684.1,70479.3
7,2213,1172882,67353.9
7,2214,1202635.4,65430
7,2215,1242119,66407.1
7,2216,1275436.1,64981.6
7,2217,1276636.6,60412.7
7,2218,1299143.8,57350.5
7,2219,1306800.2,54664.4
7,2220,1314495.8,52683.6
7,2221,1312584.2,48434.8
7,2222,1309424.2,48053
7,2223,1303864.9,42194.2
7,2224,1301941.6,39692.1
7,2225,1287634.5,35658.5
7,2226,1275703.9,72066.6
7,2227,1260515.1,63946.6
7,2228,1264855.4,62647.4
7,2229,1256143.1,57044
7,2230,1241543.2,51002.7
7,2231,1232237.5,44776.8
7,2232,1230026.5,42936
7,2233,1228468,42329.4
7,2234,1211797.2,42390.4
7,2235,1205192.1,41907.3
7,2236,1197265.1,35542.9
7,2237,1196310.4,35542.9
7,2238,1226894,34416.4
7,2239,1233460.9,31031.5
7,2240,1229902,27548.8
7,2241,1228871.1,26706.7
7,2242,1229966.2,21810.1
7,2243,1225655.8,90773.7
7,2244,1288411.4,105784.4
7,2245,1274942.9,110752.9
7,2246,1258880.4,112519
7,2247,1257502.2,120664.9
7,2248,1263503.5,129474.2
7,2249,1264583.8,141871.8
7,2250,1256216,144910.5
7,2251,1251614.8,139440.5
7,2252,1233733.1,132652.5
7,2253,1228970.9,129436.4
7,2254,1221332.4,130597.2
7,2255,1215974.5,127860.7
7,2256,1200168.4,120455.1
7,2257,1196452.2,116445
7,2258,1191538.5,109863.8
7,2259,1188323,105097.3
7,2260,1206649.4,103086.2
7,2261,1207454.4,100271.9
7,2262,1200074.6,95527.7
7,2263,1198349.1,93570.4
7,2264,1193695.2,88863.4
7,2265,1181915.2,81386.5
7,2266,1182635.2,78173.8
7,2267,1204207.9,78627.2
7,2268,1207453,71563.3
7,2269,1232236.1,66198.1
7,2270,1227497.4,61871.7
7,2271,1236411.9,60334.5
7,2272,1229669.5,52162.2
7,2273,1224837.9,51550.7
7,2274,1229176.4,51550.7
7,2275,1218668.5,50994.1
7,2276,1201636.1,46857
7,2277,1222525.2,46227.8
7,2278,1218895.6,42861.4
7,2279,1218916.5,37370.1
7,2280,1205670.1,29799
7,2281,1177494.4,29201.6
7,2282,1170710.5,29103
7,2283,1149894,29103
7,2284,1139267.1,29053.1
7,2285,1138095.1,23410.2
7,2286,1136328.9,23410.2
7,2287,1128951.5,22246.7
7,2288,1117158.8,22246.7
7,2289,1125296,18121.6
7,2290,1142613.1,16197.9
7,2291,1141379.2,16197.9
7,2292,1137758.9,16197.9
7,2293,1134513,16197.9
7,2294,1128684.4,15607.2
7,2295,1122120.6,13423.3
7,2296,1112826.2,13423.3
7,2297,1108012.9,13423.3
7,2298,1112038,9744
7,2299,1119384.1,7994.8
7,2300,1130432.1,7994.8
7,2301,1119258.1,7994.8
7,2302,1110072.9,7862.9
7,2303,1111674,6234.3
7,2304,1100477.9,6234.3
7,2305,1098560.4,6234.3
7,2306,1127929.8,5025
7,2307,1120750,5025
7,2308,1122395.4,4893.8
7,2309,1127467.1,4504.5
7,2310,1124819.6,4358.3
7,2311,1127374,4215.8
7,2312,1125258.5,4215.8
7,2313,1147481.5,2737.1
7,2314,1144779,2737.1
7,2315,1134212.2,2737.1
7,2316,1139015.5,2582.9
7,2317,1134814.4,44565
7,2318,1128925.2,43357.6
7,2319,1159861.5,44978.3
7,2320,1162199.5,47512.8
7,2321,1178837.1,51002.1
7,2322,1172575.2,53852.6
7,2323,1169696.6,51565.1
7,2324,1182407.9,53375.9
7,2325,1185663.5,52939
7,2326,1186420.8,50932.3
7,2327,1185936.1,48119.7
7,2328,1184680.4,43887
7,2329,1198671.8,42288.1
7,2330,1210365.5,106577.5
7,2331,1201330.2,114043.3
7,2332,1236870.9,130662.7
7,2333,1233985.2,144890.6
7,2334,1228575.6,160455.2
7,2335,1230358.1,166059.5
7,2336,1243907.5,186540.4
7,2337,1241345.1,192828.6
7,2338,1229925.2,200734.4
7,2339,1235413.4,203762.6
7,2340,1250466,222312.9
7,2341,1244373,228014.1
7,2342,1266616.8,244956.2
7,2343,1274803.5,267647.8
7,2344,1271546.5,274882.2
7,2345,1280429.2,285905.4
7,2346,1286461.6,298609.3
7,2347,1281630.8,302371.2
7,2348,1290933.2,307328.3
7,2349,1295922.2,310788.4
7,2350,1293530.6,302968.9
7,2351,1288296.4,292848.4
7,2352,1299150.1,300098.8
7,2353,1282136.8,284779.5
7,2354,1261187.6,265712.2
7,2355,1244190.4,249002.4
7,2356,1237373.1,238610.3
7,2357,1260654.1,236749.7
7,2358,1243017.1,218471.4
7,2359,1243696.4,212549.3
7,2360,1235464.6,196032
7,2361,1212490.9,173189
7,2362,1223099.6,159817.9
7,2363,1207006,137294.3
7,2364,1206821,123817.9
7,2365,1199865.4,115100.1
7,2366,1232423.9,112656.7
7,2367,1230484.4,99493.1
7,2368,1227024.9,87175.4
7,2369,1211002.1,78423.8
7,2370,1209748.1,72326.6
7,2371,1214186.9,70567.5
7,2372,1210746.1,60222.2
7,2373,1220809.5,46112.3
7,2374,1217732.5,45612.5
7,2375,1209032.9,45612.5
7,2376,1214174.1,43608.1
7,2377,1247068.4,38150.2
7,2378,1252952.1,38150.2
7,2379,1252742.4,35117.3
7,2380,1259589.8,27284.4
7,2381,1264849,24459.1
7,2382,1261910.5,24459.1
7,2383,1258638.4,21544.9
7,2384,1256853.1,14270.8
7,2385,1270248.5,167730.7
7,2386,1294413.6,182279.1
7,2387,1299976,187495.5
7,2388,1296486.9,190653.9
7,2389,1285694.4,197662.6
7,2390,1256705.8,191604.9
7,2391,1297333.6,209956.5
7,2392,1298582.8,215197.1
7,2393,1287831.9,211813.6
7,2394,1289978.4,214891
7,2395,1297484.4,218750.6
7,2396,1297210.5,214352.7
7,2397,1310801.5,213847.2
7,2398,1300400.2,199849.7
7,2399,1281453.8,187009
7,2400,1255675.4,162837.2
7,2401,1251548.9,153902.3
7,2402,1238671.9,136552.2
7,2403,1247126,133279.8
7,2404,1228350.4,121933
7,2405,1216963.9,110401.3
7,2406,1209692.2,109194.5
7,2407,1219336.5,109194.5
7,2408,1222566.4,107954
7,2409,1216189.6,94506.4
7,2410,1202836.2,83641.6
7,2411,1191426,79965.8
7,2412,1189696.4,72173
7,2413,1179613.6,70749.7
7,2414,1185473.9,63612.2
7,2415,1170490.8,53002.7
7,2416,1176421.9,45904.2
7,2417,1174002.8,36539.5
7,2418,1203242.6,33920.8
7,2419,1205150.6,26285.2
7,2420,1206825.4,25917.5
7,2421,1197486,23529.3
7,2422,1195851.2,21544.1
7,2423,1193767.1,20930
7,2424,1237930.8,20930
7,2425,1238004.1,20492.2
7,2426,1228699.9,19592.8
7,2427,1231305,14765
7,2428,1236679.5,14765
7,2429,1234110.8,14765
7,2430,1244496.2,10716.2
7,2431,1233931.8,10716.2
7,2432,1230112.8,10716.2
7,2433,1220611.8,10716.2
7,2434,1224523,9239.3
7,2435,1222721.5,9089.8
7,2436,1253506.8,5232.3
7,2437,1248130,5232.3
7,2438,1260757.6,4158.3
7,2439,1253121.5,3979.1
7,2440,1257622.4,60309.7
7,2441,1249189.8,58821.6
7,2442,1242582.4,58516.8
7,2443,1244709.5,59465
7,2444,1252735.1,61558.1
7,2445,1250537.4,57372.5
7,2446,1267240.6,56588.8
7,2447,1281148.4,54277.3
7,2448,1310997,51766.5
7,2449,1294885,45486.3
7,2450,1333354.5,43659.3
7,2451,1330878.2,156581.5
7,2452,1336378,174077.6
7,2453,1328467.5,179425.6
7,2454,1322657.8,193653.4
7,2455,1325177.2,206152.1
7,2456,1344803.1,232330.7
7,2457,1324436.2,240288.9
7,2458,1332941.4,250247.4
7,2459,1332642.6,263651.2
7,2460,1323511.1,280575.5
7,2461,1318509.9,302368.3
7,2462,1353988,325000.1
7,2463,1354394.2,334071.6
7,2464,1351665.4,334306.7
7,2465,1351515,342650.9
7,2466,1332768,332762.3
7,2467,1305767.1,312339.3
7,2468,1299183.2,301924.1
7,2469,1288614.4,286989.7
7,2470,1297541.8,304275.2
7,2471,1296895.6,311038.1
7,2472,1301348.6,310704.9
7,2473,1304971.1,314258.7
7,2474,1310558.9,320430.5
7,2475,1319789.9,331828.3
7,2476,1313287.1,318589.2
7,2477,1317408.8,319165.8
7,2478,1339968.9,326694.7
7,2479,1348843.5,323255.8
7,2480,1373897.6,325729.1
7,2481,1365844.6,306742.3
7,2482,1365704.2,296416
7,2483,1366589.1,280826.7
7,2484,1360619.8,271329.3
7,2485,1360579.6,252695
7,2486,1360326,248421.3
7,2487,1357546.2,243606.6
7,2488,1366078.2,241820.4
7,2489,1333845.1,202925.9
7,2490,1313949.8,179182.5
7,2491,1354473.9,176985.2
7,2492,1341185.6,176062.3
7,2493,1341704.5,171497.2
7,2494,1349920.5,166951.6
7,2495,1360225,167057.8
7,2496,1341545.4,163772.6
7,2497,1353195.4,163827.9
7,2498,1337784.9,147529.1
7,2499,1309569.8,130421.7
7,2500,1296613.4,130421.7
8,2000,1200767.5,10543.1
8,2001,1216859.9,9020.8
8,2002,1220017.4,51441.8
8,2003,1229424.8,52197.1
8,2004,1217179.5,48118.7
8,2005,1247658.1,50401.8
8,2006,1253027.8,51099.8
8,2007,1260633.6,49699.1
8,2008,1254931.8,45910.5
8,2009,1259835.4,44725.2
8,2010,1249437.9,40996.8
8,2011,1225930.1,34716.6
8,2012,1214654.1,29707
8,2013,1212730,28679.1
8,2014,1200864.4,26348
8,2015,1206331.4,25045.2
8,2016,1210441,42197
8,2017,1202304.2,41516.7
8,2018,1208946.4,38481.6
8,2019,1251236.9,93366.2
8,2020,1252887,97911.1
8,2021,1268410.8,108985.4
8,2022,1278552.6,110549.3
8,2023,1277768.5,114961.4
8,2024,1283050.6,120037
8,2025,1299361.8,123363.3
8,2026,1283206.1,118693.5
8,2027,1284445.9,123704.4
8,2028,1335673.2,136681.1
8,2029,1318444.5,133848.9
8,2030,1329768.1,138711.6
8,2031,1318725.4,134313.9
8,2032,1328787.8,129863.4
8,2033,1296064,117138.8
8,2034,1283808.1,110225.1
8,2035,1278756.2,105907.7
8,2036,1270294.2,103048.4
8,2037,1296163.4,102296.5
8,2038,1266286.9,90210.2
8,2039,1260509.9,86197.6
8,2040,1262022.5,84610.7
8,2041,1263683.4,80320.6
8,2042,1268007.6,75802.7
8,2043,1256020,74779.3
8,2044,1250793.5,73833.8
8,2045,1234003.1,67519.3
8,2046,1229568.8,67196.1
8,2047,1220419,60662.1
8,2048,1234072.5,56900.7
8,2049,1224179,50583.9
8,2050,1211390.6,59574.1
8,2051,1225101.5,54560.8
8,2052,1222385.5,52672
8,2053,1213928.8,46810.8
8,2054,1207345.6,41570.5
8,2055,1204181.2,39388.7
8,2056,1215316,35819.4
8,2057,1225289.5,32191.2
8,2058,1218413.1,28899.1
8,2059,1215896,23459
8,2060,1212683.2,22708.4
8,2061,1209916.6,21608.7
8,2062,1218856.6,20439.4
8,2063,1216887.5,19952
8,2064,1218316.4,19587.1
8,2065,1232841.5,104612.6
8,2066,1235950.5,109630.9
8,2067,1238201.5,115638.9
8,2068,1230195.1,117130
8,2069,1234570.4,121398.8
8,2070,1220235.6,118649.4
8,2071,1225148.9,117980.8
8,2072,1228531.2,116923.5
8,2073,1259381.5,121534.3
8,2074,1256740.6,115840.9
8,2075,1246303.5,111260.1
8,2076,1245225.2,110194.8
8,2077,1232007.6,101559.9
8,2078,1221598.8,94345.3
8,2079,1215585.5,88595.9
8,2080,1211298.6,81289.4
8,2081,1202502,74235.5
8,2082,1207459.8,71591.5
8,2083,1196067.9,67718.7
8,2084,1198173.6,63210.9
8,2085,1192043.6,57365.8
8,2086,1180611,49441
8,2087,1187062.5,47186.2
8,2088,1185280,43703.3
8,2089,1189465.8,39335.6
8,2090,1186864.4,32507.4
8,2091,1192737.8,31803.3
8,2092,1190731.2,31200
8,2093,1172573.5,30301.2
8,2094,1174662.6,22669.8
8,2095,1164214.8,18216.6
8,2096,1169999,16997
8,2097,1173883.4,16997
8,2098,1167397.1,16652
8,2099,1172940,15458.2
8,2100,1161352.1,15458.2
8,2101,1157365,15163.1
8,2102,1175769.1,14191.8
8,2103,1177666.2,11879.9
8,2104,1170384.6,11879.9
8,2105,1182229.9,11558.1
8,2106,1162876.1,11558.1
8,2107,1160275.1,11055.8
8,2108,1153377,11055.8
8,2109,1135912.9,10799.4
8,2110,1133621.8,5942.7
8,2111,1125353.9,4986.3
8,2112,1130081.9,4438.7
8,2113,1132992.6,4438.7
8,2114,1128488,4438.7
8,2115,1143907.1,3599.1
8,2116,1139933.4,3277.2
8,2117,1142710.4,3254.3
8,2118,1132986.5,3254.3
8,2119,1135417.2,11772.1
8,2120,1156989.1,10409.7
8,2121,1158996,10276.2
8,2122,1179378.1,9153
8,2123,1171379.4,8566.8
8,2124,1152761,1850.7
8,2125,1160875.2,1635.8
8,2126,1164239.4,1614
8,2127,1154848.4,1614
8,2128,1183409.1,1614
8,2129,1173869.5,1614
8,2130,1199433.2,49419
8,2131,1201095.6,51491.9
8,2132,1201443.1,54939.8
8,2133,1205472,57089.4
8,2134,1208591.1,61910.7
8,2135,1209748,63441.6
8,2136,1207643.2,64503.8
8,2137,1213152.2,69741
8,2138,1198053.1,69239
8,2139,1229965.8,77950.8
8,2140,1229889.6,76650.9
8,2141,1227061.4,78720.8
8,2142,1209867.6,73367.9
8,2143,1195389,69042.7
8,2144,1201787.6,66474.9
8,2145,1197005.4,62390.1
8,2146,1189632.6,58842.8
8,2147,1186606.8,57148.2
8,2148,1184570.5,53054.3
8,2149,1186536.2,51218.3
8,2150,1197103,48176.5
8,2151,1182519.2,119989.6
8,2152,1179360.1,122218.4
8,2153,1226905.9,141931.7
8,2154,1225057.4,154100.1
8,2155,1233936.1,171564.1
8,2156,1229285.1,180990.5
8,2157,1231741.9,186342
8,2158,1223862.2,197413.5
8,2159,1209756.2,202531.8
8,2160,1205538.1,207641.9
8,2161,1197355,211857.7
8,2162,1230295.1,236809.5
8,2163,1228327.8,240024.6
8,2164,1220356.9,236628.6
8,2165,1240720.5,247829.5
8,2166,1239981,242895.2
8,2167,1247020.2,254392.7
8,2168,1249599.9,254202.8
8,2169,1223888.8,237694.3
8,2170,1210097,225615.4
8,2171,1193383.6,216192.4
8,2172,1182113,208318.2
8,2173,1175128.6,198241.8
8,2174,1192729.4,205220.4
8,2175,1178388.1,185091.2
8,2176,1161207.1,168122.3
8,2177,1141315.6,147974.3
8,2178,1125511,135938.6
8,2179,1117709.2,121547.5
8,2180,1125388.9,114293.9
8,2181,1126234,111885.6
8,2182,1117943.8,101908.8
8,2183,1125272.2,93769.1
8,2184,1121269.9,86542.1
8,2185,1117733,75699.1
8,2186,1122521.1,62377.4
8,2187,1147646.1,56844.2
8,2188,1152958,45229.7
8,2189,1151822.5,45229.7
8,2190,1160591.1,35962.1
8,2191,1160081.1,32596.7
8,2192,1155525.4,30210.9
8,2193,1174187.8,20442.4
8,2194,1172411.9,18973.9
8,2195,1173712.4,18278.6
8,2196,1175946.6,16968
8,2197,1176796.2,16419.4
8,2198,1174969.8,15934.9
8,2199,1172566.1,15879.8
8,2200,1172185.6,15879.8
8,2201,1177698.9,12813.4
8,2202,1160060.2,12298.5
8,2203,1159310,11189.6
8,2204,1159598.6,11073.6
8,2205,1166722.9,10952.7
8,2206,1158728,10952.7
8,2207,1155745,10952.7
8,2208,1145167.8,10952.7
8,2209,1168693.2,78905.9
8,2210,1174993.6,78715.8
8,2211,1163296.5,71700.4
8,2212,1170684.1,70479.3
8,2213,1172882,67353.9
8,2214,1202635.4,65430
8,2215,1242119,66407.1
8,2216,1275436.1,64981.6
8,2217,1276636.6,60412.7
8,2218,1299143.8,57350.5
8,2219,1306800.2,54664.4
8,2220,1314495.8,52683.6
8,2221,1312584.2,48434.8
8,2222,1309424.2,48053
8,2223,1303864.9,42194.2
8,2224,1301941.6,39692.1
8,2225,1287634.5,35658.5
8,2226,1275703.9,72066.6
8,2227,1260515.1,63946.6
8,2228,1264855.4,62647.4
8,2229,1256143.1,57044
8,2230,1241543.2,51002.7
8,2231,1232237.5,44776.8
8,2232,1230026.5,42936
8,2233,1228468,42329.4
8,2234,1211797.2,42390.4
8,2235,1205192.1,41907.3
8,2236,1197265.1,35542.9
8,2237,1196310.4,35542.9
8,2238,1226894,34416.4
8,2239,1233460.9,31031.5
8,2240,1229902,27548.8
8,2241,1228871.1,26706.7
8,2242,1229966.2,21810.1
8,2243,1225655.8,90773.7
8,2244,1288411.4,105784.4
8,2245,1274942.9,110752.9
8,2246,1258880.4,112519
8,2247,1257502.2,120664.9
8,2248,1263503.5,129474.2
8,2249,1264583.8,141871.8
8,2250,1256216,144910.5
8,2251,1251614.8,139440.5
8,2252,1233733.1,132652.5
8,2253,1228970.9,129436.4
8,2254,1221332.4,130597.2
8,2255,1215974.5,127860.7
8,2256,1200168.4,120455.1
8,2257,1196452.2,116445
8,2258,1191538.5,109863.8
8,2259,1188323,105097.3
8,2260,1206649.4,103086.2
8,2261,1207454.4,100271.9
8,2262,1200074.6,95527.7
8,2263,1198349.1,93570.4
8,2264,1193695.2,88863.4
8,2265,1181915.2,81386.5
8,2266,1182635.2,78173.8
8,2267,1204207.9,78627.2
8,2268,1207453,71563.3
8,2269,1232236.1,66198.1
8,2270,1227497.4,61871.7
8,2271,1236411.9,60334.5
8,2272,1229669.5,52162.2
8,2273,1224837.9,51550.7
8,2274,1229176.4,51550.7
8,2275,1218668.5,50994.1
8,2276,1201636.1,46857
8,2277,1222525.2,46227.8
8,2278,1218895.6,42861.4
8,2279,1218916.5,37370.1
8,2280,1205670.1,29799
8,2281,1177494.4,29201.6
8,2282,1170710.5,29103
8,2283,1149894,29103
8,2284,1139267.1,29053.1
8,2285,1138095.1,23410.2
8,2286,1136328.9,23410.2
8,2287,1128951.5,22246.7
8,2288,1117158.8,22246.7
8,2289,1125296,18121.6
8,2290,1142613.1,16197.9
8,2291,1141379.2,16197.9
8,2292,1137758.9,16197.9
8,2293,1134513,16197.9
8,2294,1128684.4,15607.2
8,2295,1122120.6,13423.3
8,2296,1112826.2,13423.3
8,2297,1108012.9,13423.3
8,2298,1112038,9744
8,2299,1119384.1,7994.8
8,2300,1130432.1,7994.8
8,2301,1119258.1,7994.8
8,2302,1110072.9,7862.9
8,2303,1111674,6234.3
8,2304,1100477.9,6234.3
8,2305,1098560.4,6234.3
8,2306,1127929.8,5025
8,2307,1120750,5025
8,2308,1122395.4,4893.8
8,2309,1127467.1,4504.5
8,2310,1124819.6,4358.3
8,2311,1127374,4215.8
8,2312,1125258.5,4215.8
8,2313,1147481.5,2737.1
8,2314,1144779,2737.1
8,2315,1134212.2,2737.1
8,2316,1139015.5,2582.9
8,2317,1134814.4,44565
8,2318,1128925.2,43357.6
8,2319,1159861.5,44978.3
8,2320,1162199.5,47512.8
8,2321,1178837.1,51002.1
8,2322,1172575.2,53852.6
8,2323,1169696.6,51565.1
8,2324,1182407.9,53375.9
8,2325,1185663.5,52939
8,2326,1186420.8,50932.3
8,2327,1185936.1,48119.7
8,2328,1184680.4,43887
8,2329,1198671.8,42288.1
8,2330,1210365.5,106577.5
8,2331,1201330.2,114043.3
8,2332,1236870.9,130662.7
8,2333,1233985.2,144890.6
8,2334,1228575.6,160455.2
8,2335,1230358.1,166059.5
8,2336,1243907.5,186540.4
8,2337,1241345.1,192828.6
8,2338,1229925.2,200734.4
8,2339,1235413.4,203762.6
8,2340,1250466,222312.9
8,2341,1244373,228014.1
8,2342,1266616.8,244956.2
8,2343,1274803.5,267647.8
8,2344,1271546.5,274882.2
8,2345,1280429.2,285905.4
8,2346,1286461.6,298609.3
8,2347,1281630.8,302371.2
8,2348,1290933.2,307328.3
8,2349,1295922.2,310788.4
8,2350,1293530.6,302968.9
8,2351,1288296.4,292848.4
8,2352,1299150.1,300098.8
8,2353,1282136.8,284779.5
8,2354,1261187.6,265712.2
8,2355,1244190.4,249002.4
8,2356,1237373.1,238610.3
8,2357,1260654.1,236749.7
8,2358,1243017.1,218471.4
8,2359,1243696.4,212549.3
8,2360,1235464.6,196032
8,2361,1212490.9,173189
8,2362,1223099.6,159817.9
8,2363,1207006,137294.3
8,2364,1206821,123817.9
8,2365,1199865.4,115100.1
8,2366,1232423.9,112656.7
8,2367,1230484.4,99493.1
8,2368,1227024.9,87175.4
8,2369,1211002.1,78423.8
8,2370,1209748.1,72326.6
8,2371,1214186.9,70567.5
8,2372,1210746.1,60222.2
8,2373,1220809.5,46112.3
8,2374,1217732.5,45612.5
8,2375,1209032.9,45612.5
8,2376,1214174.1,43608.1
8,2377,1247068.4,38150.2
8,2378,1252952.1,38150.2
8,2379,1252742.4,35117.3
8,2380,1259589.8,27284.4
8,2381,1264849,24459.1
8,2382,1261910.5,24459.1
8,2383,1258638.4,21544.9
8,2384,1256853.1,14270.8
8,2385,1270248.5,167730.7
8,2386,1294413.6,182279.1
8,2387,1299976,187495.5
8,2388,1296486.9,190653.9
8,2389,1285694.4,197662.6
8,2390,1256705.8,191604.9
8,2391,1297333.6,209956.5
8,2392,1298582.8,215197.1
8,2393,1287831.9,211813.6
8,2394,1289978.4,214891
8,2395,1297484.4,218750.6
8,2396,1297210.5,214352.7
8,2397,1310801.5,213847.2
8,2398,1300400.2,199849.7
8,2399,1281453.8,187009
8,2400,1255675.4,162837.2
8,2401,1251548.9,153902.3
8,2402,1238671.9,136552.2
8,2403,1247126,133279.8
8,2404,1228350.4,121933
8,2405,1216963.9,110401.3
8,2406,1209692.2,109194.5
8,2407,1219336.5,109194.5
8,2408,1222566.4,107954
8,2409,1216189.6,94506.4
8,2410,1202836.2,83641.6
8,2411,1191426,79965.8
8,2412,1189696.4,72173
8,2413,1179613.6,70749.7
8,2414,1185473.9,63612.2
8,2415,1170490.8,53002.7
8,2416,1176421.9,45904.2
8,2417,1174002.8,36539.5
8,2418,1203242.6,33920.8
8,2419,1205150.6,26285.2
8,2420,1206825.4,25917.5
8,2421,1197486,23529.3
8,2422,1195851.2,21544.1
8,2423,1193767.1,20930
8,2424,1237930.8,20930
8,2425,1238004.1,20492.2
8,2426,1228699.9,19592.8
8,2427,1231305,14765
8,2428,1236679.5,14765
8,2429,1234110.8,14765
8,2430,1244496.2,10716.2
8,2431,1233931.8,10716.2
8,2432,1230112.8,10716.2
8,2433,1220611.8,10716.2
8,2434,1224523,9239.3
8,2435,1222721.5,9089.8
8,2436,1253506.8,5232.3
8,2437,1248130,5232.3
8,2438,1260757.6,4158.3
8,2439,1253121.5,3979.1
8,2440,1257622.4,60309.7
8,2441,1249189.8,58821.6
8,2442,1242582.4,58516.8
8,2443,1244709.5,59465
8,2444,1252735.1,61558.1
8,2445,1250537.4,57372.5
8,2446,1267240.6,56588.8
8,2447,1281148.4,54277.3
8,2448,1310997,51766.5
8,2449,1294885,45486.3
8,2450,1333354.5,43659.3
8,2451,1330878.2,156581.5
8,2452,1336378,174077.6
8,2453,1328467.5,179425.6
8,2454,1322657.8,193653.4
8,2455,1325177.2,206152.1
8,2456,1344803.1,232330.7
8,2457,1324436.2,240288.9
8,2458,1332941.4,250247.4
8,2459,1332642.6,263651.2
8,2460,1323511.1,280575.5
8,2461,1318509.9,302368.3
8,2462,1353988,325000.1
8,2463,1354394.2,334071.6
8,2464,1351665.4,334306.7
8,2465,1351515,342650.9
8,2466,1332768,332762.3
8,2467,1305767.1,312339.3
8,2468,1299183.2,301924.1
8,2469,1288614.4,286989.7
8,2470,1297541.8,304275.2
8,2471,1296895.6,311038.1
8,2472,1301348.6,310704.9
8,2473,1304971.1,314258.7
8,2474,1310558.9,320430.5
8,2475,1319789.9,331828.3
8,2476,1313287.1,318589.2
8,2477,1317408.8,319165.8
8,2478,1339968.9,326694.7
8,2479,1348843.5,323255.8
8,2480,1373897.6,325729.1
8,2481,1365844.6,306742.3
8,2482,1365704.2,296416
8,2483,1366589.1,280826.7
8,2484,1360619.8,271329.3
8,2485,1360579.6,252695
8,2486,1360326,248421.3
8,2487,1357546.2,243606.6
8,2488,1366078.2,241820.4
8,2489,1333845.1,202925.9
8,2490,1313949.8,179182.5
8,2491,1354473.9,176985.2
8,2492,1341185.6,176062.3
8,2493,1341704.5,171497.2
8,2494,1349920.5,166951.6
8,2495,1360225,167057.8
8,2496,1341545.4,163772.6
8,2497,1353195.4,163827.9
8,2498,1337784.9,147529.1
8,2499,1309569.8,130421.7
8,2500,1296613.4,130421.7
9,2000,1200767.5,10543.1
9,2001,1216859.9,9020.8
9,2002,1220017.4,51441.8
9,2003,1229424.8,52197.1
9,2004,1217179.5,48118.7
9,2005,1247658.1,50401.8
9,2006,1253027.8,51099.8
9,2007,1260633.6,49699.1
9,2008,1254931.8,45910.5
9,2009,1259835.4,44725.2
9,2010,1249437.9,40996.8
9,2011,1225930.1,34716.6
9,2012,1214654.1,29707
9,2013,1212730,28679.1
9,2014,1200864.4,26348
9,2015,1206331.4,25045.2
9,2016,1210441,42197
9,2017,1202304.2,41516.7
9,2018,1208946.4,38481.6
9,2019,1251236.9,93366.2
9,2020,1252887,97911.1
9,2021,1268410.8,108985.4
9,2022,1278552.6,110549.3
9,2023,1277768.5,114961.4
9,2024,1283050.6,120037
9,2025,1299361.8,123363.3
9,2026,1283206.1,118693.5
9,2027,1284445.9,123704.4
9,2028,1335673.2,136681.1
9,2029,1318444.5,133848.9
9,2030,1329768.1,138711.6
9,2031,1318725.4,134313.9
9,2032,1328787.8,129863.4
9,2033,1296064,117138.8
9,2034,1283808.1,110225.1
9,2035,1278756.2,105907.7
9,2036,1270294.2,103048.4
9,2037,1296163.4,102296.5
9,2038,1266286.9,90210.2
9,2039,1260509.9,86197.6
9,2040,1262022.5,84610.7
9,2041,1263683.4,80320.6
9,2042,1268007.6,75802.7
9,2043,1256020,74779.3
9,2044,1250793.5,73833.8
9,2045,1234003.1,67519.3
9,2046,1229568.8,67196.1
9,2047,1220419,60662.1
9,2048,1234072.5,56900.7
9,2049,1224179,50583.9
9,2050,1211390.6,59574.1
9,2051,1225101.5,54560.8
9,2052,1222385.5,52672
9,2053,1213928.8,46810.8
9,2054,1207345.6,41570.5
9,2055,1204181.2,39388.7
9,2056,1215316,35819.4
9,2057,1225289.5,32191.2
9,2058,1218413.1,28899.1
9,2059,1215896,23459
9,2060,1212683.2,22708.4
9,2061,1209916.6,21608.7
9,2062,1218856.6,20439.4
9,2063,1216887.5,19952
9,2064,1218316.4,19587.1
9,2065,1232841.5,104612.6
9,2066,1235950.5,109630.9
9,2067,1238201.5,115638.9
9,2068,1230195.1,117130
9,2069,1234570.4,121398.8
9,2070,1220235.6,118649.4
9,2071,1225148.9,117980.8
9,2072,1228531.2,116923.5
9,2073,1259381.5,121534.3
9,2074,1256740.6,115840.9
9,2075,1246303.5,111260.1
9,2076,1245225.2,110194.8
9,2077,1232007.6,101559.9
9,2078,1221598.8,94345.3
9,2079,1215585.5,88595.9
9,2080,1211298.6,81289.4
9,2081,1202502,74235.5
9,2082,1207459.8,71591.5
9,2083,1196067.9,67718.7
9,2084,1198173.6,63210.9
9,2085,1192043.6,57365.8
9,2086,1180611,49441
9,2087,1187062.5,47186.2
9,2088,1185280,43703.3
9,2089,1189465.8,39335.6
9,2090,1186864.4,32507.4
9,2091,1192737.8,31803.3
9,2092,1190731.2,31200
9,2093,1172573.5,30301.2
9,2094,1174662.6,22669.8
9,2095,1164214.8,18216.6
9,2096,1169999,16997
9,2097,1173883.4,16997
9,2098,1167397.1,16652
9,2099,1172940,15458.2
9,2100,1161352.1,15458.2
9,2101,1157365,15163.1
9,2102,1175769.1,14191.8
9,2103,1177666.2,11879.9
9,2104,1170384.6,11879.9
9,2105,1182229.9,11558.1
9,2106,1162876.1,11558.1
9,2107,1160275.1,11055.8
9,2108,1153377,11055.8
9,2109,1135912.9,10799.4
9,2110,1133621.8,5942.7
9,2111,1125353.9,4986.3
9,2112,1130081.9,4438.7
9,2113,1132992.6,4438.7
9,2114,1128488,4438.7
9,2115,1143907.1,3599.1
9,2116,1139933.4,3277.2
9,2117,1142710.4,3254.3
9,2118,1132986.5,3254.3
9,2119,1135417.2,11772.1
9,2120,1156989.1,10409.7
9,2121,1158996,10276.2
9,2122,1179378.1,9153
9,2123,1171379.4,8566.8
9,2124,1152761,1850.7
9,2125,1160875.2,1635.8
9,2126,1164239.4,1614
9,2127,1154848.4,1614
9,2128,1183409.1,1614
9,2129,1173869.5,1614
9,2130,1199433.2,49419
9,2131,1201095.6,51491.9
9,2132,1201443.1,54939.8
9,2133,1205472,57089.4
9,2134,1208591.1,61910.7
9,2135,1209748,63441.6
9,2136,1207643.2,64503.8
9,2137,1213152.2,69741
9,2138,1198053.1,69239
9,2139,1229965.8,77950.8
9,2140,1229889.6,76650.9
9,2141,1227061.4,78720.8
9,2142,1209867.6,73367.9
9,2143,1195389,69042.7
9,2144,1201787.6,66474.9
9,2145,1197005.4,62390.1
9,2146,1189632.6,58842.8
9,2147,1186606.8,57148.2
9,2148,1184570.5,53054.3
9,2149,1186536.2,51218.3
9,2150,1197103,48176.5
9,2151,1182519.2,119989.6
9,2152,1179360.1,122218.4
9,2153,1226905.9,141931.7
9,2154,1225057.4,154100.1
9,2155,1233936.1,171564.1
9,2156,1229285.1,180990.5
9,2157,1231741.9,186342
9,2158,1223862.2,197413.5
9,2159,1209756.2,202531.8
9,2160,1205538.1,207641.9
9,2161,1197355,211857.7
9,2162,1230295.1,236809.5
9,2163,1228327.8,240024.6
9,2164,1220356.9,236628.6
9,2165,1240720.5,247829.5
9,2166,1239981,242895.2
9,2167,1247020.2,254392.7
9,2168,1249599.9,254202.8
9,2169,1223888.8,237694.3
9,2170,1210097,225615.4
9,2171,1193383.6,216192.4
9,2172,1182113,208318.2
9,2173,1175128.6,198241.8
9,2174,1192729.4,205220.4
9,2175,1178388.1,185091.2
9,2176,1161207.1,168122.3
9,2177,1141315.6,147974.3
9,2178,1125511,135938.6
9,2179,1117709.2,121547.5
9,2180,1125388.9,114293.9
9,2181,1126234,111885.6
9,2182,1117943.8,101908.8
9,2183,1125272.2,93769.1
9,2184,1121269.9,86542.1
9,2185,1117733,75699.1
9,2186,1122521.1,62377.4
9,2187,1147646.1,56844.2
9,2188,1152958,45229.7
9,2189,1151822.5,45229.7
9,2190,1160591.1,35962.1
9,2191,1160081.1,32596.7
9,2192,1155525.4,30210.9
9,2193,1174187.8,20442.4
9,2194,1172411.9,18973.9
9,2195,1173712.4,18278.6
9,2196,1175946.6,16968
9,2197,1176796.2,16419.4
9,2198,1174969.8,15934.9
9,2199,1172566.1,15879.8
9,2200,1172185.6,15879.8
9,2201,1177698.9,12813.4
9,2202,1160060.2,12298.5
9,2203,1159310,11189.6
9,2204,1159598.6,11073.6
9,2205,1166722.9,10952.7
9,2206,1158728,10952.7
9,2207,1155745,10952.7
9,2208,1145167.8,10952.7
9,2209,1168693.2,78905.9
9,2210,1174993.6,78715.8
9,2211,1163296.5,71700.4
9,2212,1170684.1,70479.3
9,2213,1172882,67353.9
9,2214,1202635.4,65430
9,2215,1242119,66407.1
9,2216,1275436.1,64981.6
9,2217,1276636.6,60412.7
9,2218,1299143.8,57350.5
9,2219,1306800.2,54664.4
9,2220,1314495.8,52683.6
9,2221,1312584.2,48434.8
9,2222,1309424.2,48053
9,2223,1303864.9,42194.2
9,2224,1301941.6,39692.1
9,2225,1287634.5,35658.5
9,2226,1275703.9,72066.6
9,2227,1260515.1,63946.6
9,2228,1264855.4,62647.4
9,2229,1256143.1,57044
9,2230,1241543.2,51002.7
9,2231,1232237.5,44776.8
9,2232,1230026.5,42936
9,2233,1228468,42329.4
9,2234,1211797.2,42390.4
9,2235,1205192.1,41907.3
9,2236,1197265.1,35542.9
9,2237,1196310.4,35542.9
9,2238,1226894,34416.4
9,2239,1233460.9,31031.5
9,2240,1229902,27548.8
9,2241,1228871.1,26706.7
9,2242,1229966.2,21810.1
9,2243,1225655.8,90773.7
9,2244,1288411.4,105784.4
9,2245,1274942.9,110752.9
9,2246,1258880.4,112519
9,2247,1257502.2,120664.9
9,2248,1263503.5,129474.2
9,2249,1264583.8,141871.8
9,2250,1256216,144910.5
9,2251,1251614.8,139440.5
9,2252,1233733.1,132652.5
9,2253,1228970.9,129436.4
9,2254,1221332.4,130597.2
9,2255,1215974.5,127860.7
9,2256,1200168.4,120455.1
9,2257,1196452.2,116445
9,2258,1191538.5,109863.8
9,2259,1188323,105097.3
9,2260,1206649.4,103086.2
9,2261,1207454.4,100271.9
9,2262,1200074.6,95527.7
9,2263,1198349.1,93570.4
9,2264,1193695.2,88863.4
9,2265,1181915.2,81386.5
9,2266,1182635.2,78173.8
9,2267,1204207.9,78627.2
9,2268,1207453,71563.3
9,2269,1232236.1,66198.1
9,2270,1227497.4,61871.7
9,2271,1236411.9,60334.5
9,2272,1229669.5,52162.2
9,2273,1224837.9,51550.7
9,2274,1229176.4,51550.7
9,2275,1218668.5,50994.1
9,2276,1201636.1,46857
9,2277,1222525.2,46227.8
9,2278,1218895.6,42861.4
9,2279,1218916.5,37370.1
9,2280,1205670.1,29799
9,2281,1177494.4,29201.6
9,2282,1170710.5,29103
9,2283,1149894,29103
9,2284,1139267.1,29053.1
9,2285,1138095.1,23410.2
9,2286,1136328.9,23410.2
9,2287,1128951.5,22246.7
9,2288,1117158.8,22246.7
9,2289,1125296,18121.6
9,2290,1142613.1,16197.9
9,2291,1141379.2,16197.9
9,2292,1137758.9,16197.9
9,2293,1134513,16197.9
9,2294,1128684.4,15607.2
9,2295,1122120.6,13423.3
9,2296,1112826.2,13423.3
9,2297,1108012.9,13423.3
9,2298,1112038,9744
9,2299,1119384.1,7994.8
9,2300,1130432.1,7994.8
9,2301,1119258.1,7994.8
9,2302,1110072.9,7862.9
9,2303,1111674,6234.3
9,2304,1100477.9,6234.3
9,2305,1098560.4,6234.3
9,2306,1127929.8,5025
9,2307,1120750,5025
9,2308,1122395.4,4893.8
9,2309,1127467.1,4504.5
9,2310,1124819.6,4358.3
9,2311,1127374,4215.8
9,2312,1125258.5,4215.8
9,2313,1147481.5,2737.1
9,2314,1144779,2737.1
9,2315,1134212.2,2737.1
9,2316,1139015.5,2582.9
9,2317,1134814.4,44565
9,2318,1128925.2,43357.6
9,2319,1159861.5,44978.3
9,2320,1162199.5,47512.8
9,2321,1178837.1,51002.1
9,2322,1172575.2,53852.6
9,2323,1169696.6,51565.1
9,2324,1182407.9,53375.9
9,2325,1185663.5,52939
9,2326,1186420.8,50932.3
9,2327,1185936.1,48119.7
9,2328,1184680.4,43887
9,2329,1198671.8,42288.1
9,2330,1210365.5,106577.5
9,2331,1201330.2,114043.3
9,2332,1236870.9,130662.7
9,2333,1233985.2,144890.6
9,2334,1228575.6,160455.2
9,2335,1230358.1,166059.5
9,2336,1243907.5,186540.4
9,2337,1241345.1,192828.6
9,2338,1229925.2,200734.4
9,2339,1235413.4,203762.6
9,2340,1250466,222312.9
9,2341,1244373,228014.1
9,2342,1266616.8,244956.2
9,2343,1274803.5,267647.8
9,2344,1271546.5,274882.2
9,2345,1280429.2,285905.4
9,2346,1286461.6,298609.3
9,2347,1281630.8,302371.2
9,2348,1290933.2,307328.3
9,2349,1295922.2,310788.4
9,2350,1293530.6,302968.9
9,2351,1288296.4,292848.4
9,2352,1299150.1,300098.8
9,2353,1282136.8,284779.5
9,2354,1261187.6,265712.2
9,2355,1244190.4,249002.4
9,2356,1237373.1,238610.3
9,2357,1260654.1,236749.7
9,2358,1243017.1,218471.4
9,2359,1243696.4,212549.3
9,2360,1235464.6,196032
9,2361,1212490.9,173189
9,2362,1223099.6,159817.9
9,2363,1207006,137294.3
9,2364,1206821,123817.9
9,2365,1199865.4,115100.1
9,2366,1232423.9,112656.7
9,2367,1230484.4,99493.1
9,2368,1227024.9,87175.4
9,2369,1211002.1,78423.8
9,2370,1209748.1,72326.6
9,2371,1214186.9,70567.5
9,2372,1210746.1,60222.2
9,2373,1220809.5,46112.3
9,2374,1217732.5,45612.5
9,2375,1209032.9,45612.5
9,2376,1214174.1,43608.1
9,2377,1247068.4,38150.2
9,2378,1252952.1,38150.2
9,2379,1252742.4,35117.3
9,2380,1259589.8,27284.4
9,2381,1264849,24459.1
9,2382,1261910.5,24459.1
9,2383,1258638.4,21544.9
9,2384,1256853.1,14270.8
9,2385,1270248.5,167730.7
9,2386,1294413.6,182279.1
9,2387,1299976,187495.5
9,2388,1296486.9,190653.9
9,2389,1285694.4,197662.6
9,2390,1256705.8,191604.9
9,2391,1297333.6,209956.5
9,2392,1298582.8,215197.1
9,2393,1287831.9,211813.6
9,2394,1289978.4,214891
9,2395,1297484.4,218750.6
9,2396,1297210.5,214352.7
9,2397,1310801.5,213847.2
9,2398,1300400.2,199849.7
9,2399,1281453.8,187009
9,2400,1255675.4,162837.2
9,2401,1251548.9,153902.3
9,2402,1238671.9,136552.2
9,2403,1247126,133279.8
9,2404,1228350.4,121933
9,2405,1216963.9,110401.3
9,2406,1209692.2,109194.5
9,2407,1219336.5,109194.5
9,2408,1222566.4,107954
9,2409,1216189.6,94506.4
9,2410,1202836.2,83641.6
9,2411,1191426,79965.8
9,2412,1189696.4,72173
9,2413,1179613.6,70749.7
9,2414,1185473.9,63612.2
9,2415,1170490.8,53002.7
9,2416,1176421.9,45904.2
9,2417,1174002.8,36539.5
9,2418,1203242.6,33920.8
9,2419,1205150.6,26285.2
9,2420,1206825.4,25917.5
9,2421,1197486,23529.3
9,2422,1195851.2,21544.1
9,2423,1193767.1,20930
9,2424,1237930.8,20930
9,2425,1238004.1,20492.2
9,2426,1228699.9,19592.8
9,2427,1231305,14765
9,2428,1236679.5,14765
9,2429,1234110.8,14765
9,2430,1244496.2,10716.2
9,2431,1233931.8,10716.2
9,2432,1230112.8,10716.2
9,2433,1220611.8,10716.2
9,2434,1224523,9239.3
9,2435,1222721.5,9089.8
9,2436,1253506.8,5232.3
9,2437,1248130,5232.3
9,2438,1260757.6,4158.3
9,2439,1253121.5,3979.1
9,2440,1257622.4,60309.7
9,2441,1249189.8,58821.6
9,2442,1242582.4,58516.8
9,2443,1244709.5,59465
9,2444,1252735.1,61558.1
9,2445,1250537.4,57372.5
9,2446,1267240.6,56588.8
9,2447,1281148.4,54277.3
9,2448,1310997,51766.5
9,2449,1294885,45486.3
9,2450,1333354.5,43659.3
9,2451,1330878.2,156581.5
9,2452,1336378,174077.6
9,2453,1328467.5,179425.6
9,2454,1322657.8,193653.4
9,2455,1325177.2,206152.1
9,2456,1344803.1,232330.7
9,2457,1324436.2,240288.9
9,2458,1332941.4,250247.4
9,2459,1332642.6,263651.2
9,2460,1323511.1,280575.5
9,2461,1318509.9,302368.3
9,2462,1353988,325000.1
9,2463,1354394.2,334071.6
9,2464,1351665.4,334306.7
9,2465,1351515,342650.9
9,2466,1332768,332762.3
9,2467,1305767.1,312339.3
9,2468,1299183.2,301924.1
9,2469,1288614.4,286989.7
9,2470,1297541.8,304275.2
9,2471,1296895.6,311038.1
9,2472,1301348.6,310704.9
9,2473,1304971.1,314258.7
9,2474,1310558.9,320430.5
9,2475,1319789.9,331828.3
9,2476,1313287.1,318589.2
9,2477,1317408.8,319165.8
9,2478,1339968.9,326694.7
9,2479,1348843.5,323255.8
9,2480,1373897.6,325729.1
9,2481,1365844.6,306742.3
9,2482,1365704.2,296416
9,2483,1366589.1,280826.7
9,2484,1360619.8,271329.3
9,2485,1360579.6,252695
9,2486,1360326,248421.3
9,2487,1357546.2,243606.6
9,2488,1366078.2,241820.4
9,2489,1333845.1,202925.9
9,2490,1313949.8,179182.5
9,2491,1354473.9,176985.2
9,2492,1341185.6,176062.3
9,2493,1341704.5,171497.2
9,2494,1349920.5,166951.6
9,2495,1360225,167057.8
9,2496,1341545.4,163772.6
9,2497,1353195.4,163827.9
9,2498,1337784.9,147529.1
9,2499,1309569.8,130421.7
9,2500,1296613.4,130421.7
10,2000,1200767.5,10543.1
10,2001,1216859.9,9020.8
10,2002,1220017.4,51441.8
10,2003,1229424.8,52197.1
10,2004,1217179.5,48118.7
10,2005,1247658.1,50401.8
10,2006,1253027.8,51099.8
10,2007,1260633.6,49699.1
10,2008,1254931.8,45910.5
10,2009,1259835.4,44725.2
10,2010,1249437.9,40996.8
10,2011,1225930.1,34716.6
10,2012,1214654.1,29707
10,2013,1212730,28679.1
10,2014,1200864.4,26348
10,2015,1206331.4,25045.2
10,2016,1210441,42197
10,2017,1202304.2,41516.7
10,2018,1208946.4,38481.6
10,2019,1251236.9,93366.2
10,2020,1252887,97911.1
10,2021,1268410.8,108985.4
10,2022,1278552.6,110549.3
10,2023,1277768.5,114961.4
10,2024,1283050.6,120037
10,2025,1299361.8,123363.3
10,2026,1283206.1,118693.5
10,2027,1284445.9,123704.4
10,2028,1335673.2,136681.1
10,2029,1318444.5,133848.9
10,2030,1329768.1,138711.6
10,2031,1318725.4,134313.9
10,2032,1328787.8,129863.4
10,2033,1296064,117138.8
10,2034,1283808.1,110225.1
10,2035,1278756.2,105907.7
10,2036,1270294.2,103048.4
10,2037,1296163.4,102296.5
10,2038,1266286.9,90210.2
10,2039,1260509.9,86197.6
10,2040,1262022.5,84610.7
10,2041,1263683.4,80320.6
10,2042,1268007.6,75802.7
10,2043,1256020,74779.3
10,2044,1250793.5,73833.8
10,2045,1234003.1,67519.3
10,2046,1229568.8,67196.1
10,2047,1220419,60662.1
10,2048,1234072.5,56900.7
10,2049,1224179,50583.9
10,2050,1211390.6,59574.1
10,2051,1225101.5,54560.8
10,2052,1222385.5,52672
10,2053,1213928.8,46810.8
10,2054,1207345.6,41570.5
10,2055,1204181.2,39388.7
10,2056,1215316,35819.4
10,2057,1225289.5,32191.2
10,2058,1218413.1,28899.1
10,2059,1215896,23459
10,2060,1212683.2,22708.4
10,2061,1209916.6,21608.7
10,2062,1218856.6,20439.4
10,2063,1216887.5,19952
10,2064,1218316.4,19587.1
10,2065,1232841.5,104612.6
10,2066,1235950.5,109630.9
10,2067,1238201.5,115638.9
10,2068,1230195.1,117130
10,2069,1234570.4,121398.8
10,2070,1220235.6,118649.4
10,2071,1225148.9,117980.8
10,2072,1228531.2,116923.5
10,2073,1259381.5,121534.3
10,2074,1256740.6,115840.9
10,2075,1246303.5,111260.1
10,2076,1245225.2,110194.8
10,2077,1232007.6,101559.9
10,2078,1221598.8,94345.3
10,2079,1215585.5,88595.9
10,2080,1211298.6,81289.4
10,2081,1202502,74235.5
10,2082,1207459.8,71591.5
10,2083,1196067.9,67718.7
10,2084,1198173.6,63210.9
10,2085,1192043.6,57365.8
10,2086,1180611,49441
10,2087,1187062.5,47186.2
10,2088,1185280,43703.3
10,2089,1189465.8,39335.6
10,2090,1186864.4,32507.4
10,2091,1192737.8,31803.3
10,2092,1190731.2,31200
10,2093,1172573.5,30301.2
10,2094,1174662.6,22669.8
10,2095,1164214.8,18216.6
10,2096,1169999,16997
10,2097,1173883.4,16997
10,2098,1167397.1,16652
10,2099,1172940,15458.2
10,2100,1161352.1,15458.2
10,2101,1157365,15163.1
10,2102,1175769.1,14191.8
10,2103,1177666.2,11879.9
10,2104,1170384.6,11879.9
10,2105,1182229.9,11558.1
10,2106,1162876.1,11558.1
10,2107,1160275.1,11055.8
10,2108,1153377,11055.8
10,2109,1135912.9,10799.4
10,2110,1133621.8,5942.7
10,2111,1125353.9,4986.3
10,2112,1130081.9,4438.7
10,2113,1132992.6,4438.7
10,2114,1128488,4438.7
10,2115,1143907.1,3599.1
10,2116,1139933.4,3277.2
10,2117,1142710.4,3254.3
10,2118,1132986.5,3254.3
10,2119,1135417.2,11772.1
10,2120,1156989.1,10409.7
10,2121,1158996,10276.2
10,2122,1179378.1,9153
10,2123,1171379.4,8566.8
10,2124,1152761,1850.7
10,2125,1160875.2,1635.8
10,2126,1164239.4,1614
10,2127,1154848.4,1614
10,2128,1183409.1,1614
10,2129,1173869.5,1614
10,2130,1199433.2,49419
10,2131,1201095.6,51491.9
10,2132,1201443.1,54939.8
10,2133,1205472,57089.4
10,2134,1208591.1,61910.7
10,2135,1209748,63441.6
10,2136,1207643.2,64503.8
10,2137,1213152.2,69741
10,2138,1198053.1,69239
10,2139,1229965.8,77950.8
10,2140,1229889.6,76650.9
10,2141,1227061.4,78720.8
10,2142,1209867.6,73367.9
10,2143,1195389,69042.7
10,2144,1201787.6,66474.9
10,2145,1197005.4,62390.1
10,2146,1189632.6,58842.8
10,2147,1186606.8,57148.2
10,2148,1184570.5,53054.3
10,2149,1186536.2,51218.3
10,2150,1197103,48176.5
10,2151,1182519.2,119989.6
10,2152,1179360.1,122218.4
10,2153,1226905.9,141931.7
10,2154,1225057.4,154100.1
10,2155,1233936.1,171564.1
10,2156,1229285.1,180990.5
10,2157,1231741.9,186342
10,2158,1223862.2,197413.5
10,2159,1209756.2,202531.8
10,2160,1205538.1,207641.9
10,2161,1197355,211857.7
10,2162,1230295.1,236809.5
10,2163,1228327.8,240024.6
10,2164,1220356.9,236628.6
10,2165,1240720.5,247829.5
10,2166,1239981,242895.2
10,2167,1247020.2,254392.7
10,2168,1249599.9,254202.8
10,2169,1223888.8,237694.3
10,2170,1210097,225615.4
10,2171,1193383.6,216192.4
10,2172,1182113,208318.2
10,2173,1175128.6,198241.8
10,2174,1192729.4,205220.4
10,2175,1178388.1,185091.2
10,2176,1161207.1,168122.3
10,2177,1141315.6,147974.3
10,2178,1125511,135938.6
10,2179,1117709.2,121547.5
10,2180,1125388.9,114293.9
10,2181,1126234,111885.6
10,2182,1117943.8,101908.8
10,2183,1125272.2,93769.1
10,2184,1121269.9,86542.1
10,2185,1117733,75699.1
10,2186,1122521.1,62377.4
10,2187,1147646.1,56844.2
10,2188,1152958,45229.7
10,2189,1151822.5,45229.7
10,2190,1160591.1,35962.1
10,2191,1160081.1,32596.7
10,2192,1155525.4,30210.9
10,2193,1174187.8,20442.4
10,2194,1172411.9,18973.9
10,2195,1173712.4,18278.6
10,2196,1175946.6,16968
10,2197,1176796.2,16419.4
10,2198,1174969.8,15934.9
10,2199,1172566.1,15879.8
10,2200,1172185.6,15879.8
10,2201,1177698.9,12813.4
10,2202,1160060.2,12298.5
10,2203,1159310,11189.6
10,2204,1159598.6,11073.6
10,2205,1166722.9,10952.7
10,2206,1158728,10952.7
10,2207,1155745,10952.7
10,2208,1145167.8,10952.7
10,2209,1168693.2,78905.9
10,2210,1174993.6,78715.8
10,2211,1163296.5,71700.4
10,2212,1170684.1,70479.3
10,2213,1172882,67353.9
10,2214,1202635.4,65430
10,2215,1242119,66407.1
10,2216,1275436.1,64981.6
10,2217,1276636.6,60412.7
10,2218,1299143.8,57350.5
10,2219,1306800.2,54664.4
10,2220,1314495.8,52683.6
10,2221,1312584.2,48434.8
10,2222,1309424.2,48053
10,2223,1303864.9,42194.2
10,2224,1301941.6,39692.1
10,2225,1287634.5,35658.5
10,2226,1275703.9,72066.6
10,2227,1260515.1,63946.6
10,2228,1264855.4,62647.4
10,2229,1256143.1,57044
10,2230,1241543.2,51002.7
10,2231,1232237.5,44776.8
10,2232,1230026.5,42936
10,2233,1228468,42329.4
10,2234,1211797.2,42390.4
10,2235,1205192.1,41907.3
10,2236,1197265.1,35542.9
10,2237,1196310.4,35542.9
10,2238,1226894,34416.4
10,2239,1233460.9,31031.5
10,2240,1229902,27548.8
10,2241,1228871.1,26706.7
10,2242,1229966.2,21810.1
10,2243,1225655.8,90773.7
10,2244,1288411.4,105784.4
10,2245,1274942.9,110752.9
10,2246,1258880.4,112519
10,2247,1257502.2,120664.9
10,2248,1263503.5,129474.2
10,2249,1264583.8,141871.8
10,2250,1256216,144910.5
10,2251,1251614.8,139440.5
10,2252,1233733.1,132652.5
10,2253,1228970.9,129436.4
10,2254,1221332.4,130597.2
10,2255,1215974.5,127860.7
10,2256,1200168.4,120455.1
10,2257,1196452.2,116445
10,2258,1191538.5,109863.8
10,2259,1188323,105097.3
10,2260,1206649.4,103086.2
10,2261,1207454.4,100271.9
10,2262,1200074.6,95527.7
10,2263,1198349.1,93570.4
10,2264,1193695.2,88863.4
10,2265,1181915.2,81386.5
10,2266,1182635.2,78173.8
10,2267,1204207.9,78627.2
10,2268,1207453,71563.3
10,2269,1232236.1,66198.1
10,2270,1227497.4,61871.7
10,2271,1236411.9,60334.5
10,2272,1229669.5,52162.2
10,2273,1224837.9,51550.7
10,2274,1229176.4,51550.7
10,2275,1218668.5,50994.1
10,2276,1201636.1,46857
10,2277,1222525.2,46227.8
10,2278,1218895.6,42861.4
10,2279,1218916.5,37370.1
10,2280,1205670.1,29799
10,2281,1177494.4,29201.6
10,2282,1170710.5,29103
10,2283,1149894,29103
10,2284,1139267.1,29053.1
10,2285,1138095.1,23410.2
10,2286,1136328.9,23410.2
10,2287,1128951.5,22246.7
10,2288,1117158.8,22246.7
10,2289,1125296,18121.6
10,2290,1142613.1,16197.9
10,2291,1141379.2,16197.9
10,2292,1137758.9,16197.9
10,2293,1134513,16197.9
10,2294,1128684.4,15607.2
10,2295,1122120.6,13423.3
10,2296,1112826.2,13423.3
10,2297,1108012.9,13423.3
10,2298,1112038,9744
10,2299,1119384.1,7994.8
10,2300,1130432.1,7994.8
10,2301,1119258.1,7994.8
10,2302,1110072.9,7862.9
10,2303,1111674,6234.3
10,2304,1100477.9,6234.3
10,2305,1098560.4,6234.3
10,2306,1127929.8,5025
10,2307,1120750,5025
10,2308,1122395.4,4893.8
10,2309,1127467.1,4504.5
10,2310,1124819.6,4358.3
10,2311,1127374,4215.8
10,2312,1125258.5,4215.8
10,2313,1147481.5,2737.1
10,2314,1144779,2737.1
10,2315,1134212.2,2737.1
10,2316,1139015.5,2582.9
10,2317,1134814.4,44565
10,2318,1128925.2,43357.6
10,2319,1159861.5,44978.3
10,2320,1162199.5,47512.8
10,2321,1178837.1,51002.1
10,2322,1172575.2,53852.6
10,2323,1169696.6,51565.1
10,2324,1182407.9,53375.9
10,2325,1185663.5,52939
10,2326,1186420.8,50932.3
10,2327,1185936.1,48119.7
10,2328,1184680.4,43887
10,2329,1198671.8,42288.1
10,2330,1210365.5,106577.5
10,2331,1201330.2,114043.3
10,2332,1236870.9,130662.7
10,2333,1233985.2,144890.6
10,2334,1228575.6,160455.2
10,2335,1230358.1,166059.5
10,2336,1243907.5,186540.4
10,2337,1241345.1,192828.6
10,2338,1229925.2,200734.4
10,2339,1235413.4,203762.6
10,2340,1250466,222312.9
10,2341,1244373,228014.1
10,2342,1266616.8,244956.2
10,2343,1274803.5,267647.8
10,2344,1271546.5,274882.2
10,2345,1280429.2,285905.4
10,2346,1286461.6,298609.3
10,2347,1281630.8,302371.2
10,2348,1290933.2,307328.3
10,2349,1295922.2,310788.4
10,2350,1293530.6,302968.9
10,2351,1288296.4,292848.4
10,2352,1299150.1,300098.8
10,2353,1282136.8,284779.5
10,2354,1261187.6,265712.2
10,2355,1244190.4,249002.4
10,2356,1237373.1,238610.3
10,2357,1260654.1,236749.7
10,2358,1243017.1,218471.4
10,2359,1243696.4,212549.3
10,2360,1235464.6,196032
10,2361,1212490.9,173189
10,2362,1223099.6,159817.9
10,2363,1207006,137294.3
10,2364,1206821,123817.9
10,2365,1199865.4,115100.1
10,2366,1232423.9,112656.7
10,2367,1230484.4,99493.1
10,2368,1227024.9,87175.4
10,2369,1211002.1,78423.8
10,2370,1209748.1,72326.6
10,2371,1214186.9,70567.5
10,2372,1210746.1,60222.2
10,2373,1220809.5,46112.3
10,2374,1217732.5,45612.5
10,2375,1209032.9,45612.5
10,2376,1214174.1,43608.1
10,2377,1247068.4,38150.2
10,2378,1252952.1,38150.2
10,2379,1252742.4,35117.3
10,2380,1259589.8,27284.4
10,2381,1264849,24459.1
10,2382,1261910.5,24459.1
10,2383,1258638.4,21544.9
10,2384,1256853.1,14270.8
10,2385,1270248.5,167730.7
10,2386,1294413.6,182279.1
10,2387,1299976,187495.5
10,2388,1296486.9,190653.9
10,2389,1285694.4,197662.6
10,2390,1256705.8,191604.9
10,2391,1297333.6,209956.5
10,2392,1298582.8,215197.1
10,2393,1287831.9,211813.6
10,2394,1289978.4,214891
10,2395,1297484.4,218750.6
10,2396,1297210.5,214352.7
10,2397,1310801.5,213847.2
10,2398,1300400.2,199849.7
10,2399,1281453.8,187009
10,2400,1255675.4,162837.2
10,2401,1251548.9,153902.3
10,2402,1238671.9,136552.2
10,2403,1247126,133279.8
10,2404,1228350.4,121933
10,2405,1216963.9,110401.3
10,2406,1209692.2,109194.5
10,2407,1219336.5,109194.5
10,2408,1222566.4,107954
10,2409,1216189.6,94506.4
10,2410,1202836.2,83641.6
10,2411,1191426,79965.8
10,2412,1189696.4,72173
10,2413,1179613.6,70749.7
10,2414,1185473.9,63612.2
10,2415,1170490.8,53002.7
10,2416,1176421.9,45904.2
10,2417,1174002.8,36539.5
10,2418,1203242.6,33920.8
10,2419,1205150.6,26285.2
10,2420,1206825.4,25917.5
10,2421,1197486,23529.3
10,2422,1195851.2,21544.1
10,2423,1193767.1,20930
10,2424,1237930.8,20930
10,2425,1238004.1,20492.2
10,2426,1228699.9,19592.8
10,2427,1231305,14765
10,2428,1236679.5,14765
10,2429,1234110.8,14765
10,2430,1244496.2,10716.2
10,2431,1233931.8,10716.2
10,2432,1230112.8,10716.2
10,2433,1220611.8,10716.2
10,2434,1224523,9239.3
10,2435,1222721.5,9089.8
10,2436,1253506.8,5232.3
10,2437,1248130,5232.3
10,2438,1260757.6,4158.3
10,2439,1253121.5,3979.1
10,2440,1257622.4,60309.7
10,2441,1249189.8,58821.6
10,2442,1242582.4,58516.8
10,2443,1244709.5,59465
10,2444,1252735.1,61558.1
10,2445,1250537.4,57372.5
10,2446,1267240.6,56588.8
10,2447,1281148.4,54277.3
10,2448,1310997,51766.5
10,2449,1294885,45486.3
10,2450,1333354.5,43659.3
10,2451,1330878.2,156581.5
10,2452,1336378,174077.6
10,2453,1328467.5,179425.6
10,2454,1322657.8,193653.4
10,2455,1325177.2,206152.1
10,2456,1344803.1,232330.7
10,2457,1324436.2,240288.9
10,2458,1332941.4,250247.4
10,2459,1332642.6,263651.2
10,2460,1323511.1,280575.5
10,2461,1318509.9,302368.3
10,2462,1353988,325000.1
10,2463,1354394.2,334071.6
10,2464,1351665.4,334306.7
10,2465,1351515,342650.9
10,2466,1332768,332762.3
10,2467,1305767.1,312339.3
10,2468,1299183.2,301924.1
10,2469,1288614.4,286989.7
10,2470,1297541.8,304275.2
10,2471,1296895.6,311038.1
10,2472,1301348.6,310704.9
10,2473,1304971.1,314258.7
10,2474,1310558.9,320430.5
10,2475,1319789.9,331828.3
10,2476,1313287.1,318589.2
10,2477,1317408.8,319165.8
10,2478,1339968.9,326694.7
10,2479,1348843.5,323255.8
10,2480,1373897.6,325729.1
10,2481,1365844.6,306742.3
10,2482,1365704.2,296416
10,2483,1366589.1,280826.7
10,2484,1360619.8,271329.3
10,2485,1360579.6,252695
10,2486,1360326,248421.3
10,2487,1357546.2,243606.6
10,2488,1366078.2,241820.4
10,2489,1333845.1,202925.9
10,2490,1313949.8,179182.5
10,2491,1354473.9,176985.2
10,2492,1341185.6,176062.3
10,2493,1341704.5,171497.2
10,2494,1349920.5,166951.6
10,2495,1360225,167057.8
10,2496,1341545.4,163772.6
10,2497,1353195.4,163827.9
10,2498,1337784.9,147529.1
10,2499,1309569.8,130421.7
10,2500,1296613.4,130421.7
11,2000,1200767.5,10543.1
11,2001,1216859.9,9020.8
11,2002,1220017.4,51441.8
11,2003,1229424.8,52197.1
11,2004,1217179.5,48118.7
11,2005,1247658.1,50401.8
11,2006,1253027.8,51099.8
11,2007,1260633.6,49699.1
11,2008,1254931.8,45910.5
11,2009,1259835.4,44725.2
11,2010,1249437.9,40996.8
11,2011,1225930.1,34716.6
11,2012,1214654.1,29707
11,2013,1212730,28679.1
11,2014,1200864.4,26348
11,2015,1206331.4,25045.2
11,2016,1210441,42197
11,2017,1202304.2,41516.7
11,2018,1208946.4,38481.6
11,2019,1251236.9,93366.2
11,2020,1252887,97911.1
11,2021,1268410.8,108985.4
11,2022,1278552.6,110549.3
11,2023,1277768.5,114961.4
11,2024,1283050.6,120037
11,2025,1299361.8,123363.3
11,2026,1283206.1,118693.5
11,2027,1284445.9,123704.4
11,2028,1335673.2,136681.1
11,2029,1318444.5,133848.9
11,2030,1329768.1,138711.6
11,2031,1318725.4,134313.9
11,2032,1328787.8,129863.4
11,2033,1296064,117138.8
11,2034,1283808.1,110225.1
11,2035,1278756.2,105907.7
11,2036,1270294.2,103048.4
11,2037,1296163.4,102296.5
11,2038,1266286.9,90210.2
11,2039,1260509.9,86197.6
11,2040,1262022.5,84610.7
11,2041,1263683.4,80320.6
11,2042,1268007.6,75802.7
11,2043,1256020,74779.3
11,2044,1250793.5,73833.8
11,2045,1234003.1,67519.3
11,2046,1229568.8,67196.1
11,2047,1220419,60662.1
11,2048,1234072.5,56900.7
11,2049,1224179,50583.9
11,2050,1211390.6,59574.1
11,2051,1225101.5,54560.8
11,2052,1222385.5,52672
11,2053,1213928.8,46810.8
11,2054,1207345.6,41570.5
11,2055,1204181.2,39388.7
11,2056,1215316,35819.4
11,2057,1225289.5,32191.2
11,2058,1218413.1,28899.1
11,2059,1215896,23459
11,2060,1212683.2,22708.4
11,2061,1209916.6,21608.7
11,2062,1218856.6,20439.4
11,2063,1216887.5,19952
11,2064,1218316.4,19587.1
11,2065,1232841.5,104612.6
11,2066,1235950.5,109630.9
11,2067,1238201.5,115638.9
11,2068,1230195.1,117130
11,2069,1234570.4,121398.8
11,2070,1220235.6,118649.4
11,2071,1225148.9,117980.8
11,2072,1228531.2,116923.5
11,2073,1259381.5,121534.3
11,2074,1256740.6,115840.9
11,2075,1246303.5,111260.1
11,2076,1245225.2,110194.8
11,2077,1232007.6,101559.9
11,2078,1221598.8,94345.3
11,2079,1215585.5,88595.9
11,2080,1211298.6,81289.4
11,2081,1202502,74235.5
11,2082,1207459.8,71591.5
11,2083,1196067.9,67718.7
11,2084,1198173.6,63210.9
11,2085,1192043.6,57365.8
11,2086,1180611,49441
11,2087,1187062.5,47186.2
11,2088,1185280,43703.3
11,2089,1189465.8,39335.6
11,2090,1186864.4,32507.4
11,2091,1192737.8,31803.3
11,2092,1190731.2,31200
11,2093,1172573.5,30301.2
11,2094,1174662.6,22669.8
11,2095,1164214.8,18216.6
11,2096,1169999,16997
11,2097,1173883.4,16997
11,2098,1167397.1,16652
11,2099,1172940,15458.2
11,2100,1161352.1,15458.2
11,2101,1157365,15163.1
11,2102,1175769.1,14191.8
11,2103,1177666.2,11879.9
11,2104,1170384.6,11879.9
11,2105,1182229.9,11558.1
11,2106,1162876.1,11558.1
11,2107,1160275.1,11055.8
11,2108,1153377,11055.8
11,2109,1135912.9,10799.4
11,2110,1133621.8,5942.7
11,2111,1125353.9,4986.3
11,2112,1130081.9,4438.7
11,2113,1132992.6,4438.7
11,2114,1128488,4438.7
11,2115,1143907.1,3599.1
11,2116,1139933.4,3277.2
11,2117,1142710.4,3254.3
11,2118,1132986.5,3254.3
11,2119,1135417.2,11772.1
11,2120,1156989.1,10409.7
11,2121,1158996,10276.2
11,2122,1179378.1,9153
11,2123,1171379.4,8566.8
11,2124,1152761,1850.7
11,2125,1160875.2,1635.8
11,2126,1164239.4,1614
11,2127,1154848.4,1614
11,2128,1183409.1,1614
11,2129,1173869.5,1614
11,2130,1199433.2,49419
11,2131,1201095.6,51491.9
11,2132,1201443.1,54939.8
11,2133,1205472,57089.4
11,2134,1208591.1,61910.7
11,2135,1209748,63441.6
11,2136,1207643.2,64503.8
11,2137,1213152.2,69741
11,2138,1198053.1,69239
11,2139,1229965.8,77950.8
11,2140,1229889.6,76650.9
11,2141,1227061.4,78720.8
11,2142,1209867.6,73367.9
11,2143,1195389,69042.7
11,2144,1201787.6,66474.9
11,2145,1197005.4,62390.1
11,2146,1189632.6,58842.8
11,2147,1186606.8,57148.2
11,2148,1184570.5,53054.3
11,2149,1186536.2,51218.3
11,2150,1197103,48176.5
11,2151,1182519.2,119989.6
11,2152,1179360.1,122218.4
11,2153,1226905.9,141931.7
11,2154,1225057.4,154100.1
11,2155,1233936.1,171564.1
11,2156,1229285.1,180990.5
11,2157,1231741.9,186342
11,2158,1223862.2,197413.5
11,2159,1209756.2,202531.8
11,2160,1205538.1,207641.9
11,2161,1197355,211857.7
11,2162,1230295.1,236809.5
11,2163,1228327.8,240024.6
11,2164,1220356.9,236628.6
11,2165,1240720.5,247829.5
11,2166,1239981,242895.2
11,2167,1247020.2,254392.7
11,2168,1249599.9,254202.8
11,2169,1223888.8,237694.3
11,2170,1210097,225615.4
11,2171,1193383.6,216192.4
11,2172,1182113,208318.2
11,2173,1175128.6,198241.8
11,2174,1192729.4,205220.4
11,2175,1178388.1,185091.2
11,2176,1161207.1,168122.3
11,2177,1141315.6,147974.3
11,2178,1125511,135938.6
11,2179,1117709.2,121547.5
11,2180,1125388.9,114293.9
11,2181,1126234,111885.6
11,2182,1117943.8,101908.8
11,2183,1125272.2,93769.1
11,2184,1121269.9,86542.1
11,2185,1117733,75699.1
11,2186,1122521.1,62377.4
11,2187,1147646.1,56844.2
11,2188,1152958,45229.7
11,2189,1151822.5,45229.7
11,2190,1160591.1,35962.1
11,2191,1160081.1,32596.7
11,2192,1155525.4,30210.9
11,2193,1174187.8,20442.4
11,2194,1172411.9,18973.9
11,2195,1173712.4,18278.6
11,2196,1175946.6,16968
11,2197,1176796.2,16419.4
11,2198,1174969.8,15934.9
11,2199,1172566.1,15879.8
11,2200,1172185.6,15879.8
11,2201,1177698.9,12813.4
11,2202,1160060.2,12298.5
11,2203,1159310,11189.6
11,2204,1159598.6,11073.6
11,2205,1166722.9,10952.7
11,2206,1158728,10952.7
11,2207,1155745,10952.7
11,2208,1145167.8,10952.7
11,2209,1168693.2,78905.9
11,2210,1174993.6,78715.8
11,2211,1163296.5,71700.4
11,2212,1170684.1,70479.3
11,2213,1172882,67353.9
11,2214,1202635.4,65430
11,2215,1242119,66407.1
11,2216,1275436.1,64981.6
11,2217,1276636.6,60412.7
11,2218,1299143.8,57350.5
11,2219,1306800.2,54664.4
11,2220,1314495.8,52683.6
11,2221,1312584.2,48434.8
11,2222,1309424.2,48053
11,2223,1303864.9,42194.2
11,2224,1301941.6,39692.1
11,2225,1287634.5,35658.5
11,2226,1275703.9,72066.6
11,2227,1260515.1,63946.6
11,2228,1264855.4,62647.4
11,2229,1256143.1,57044
11,2230,1241543.2,51002.7
11,2231,1232237.5,44776.8
11,2232,1230026.5,42936
11,2233,1228468,42329.4
11,2234,1211797.2,42390.4
11,2235,1205192.1,41907.3
11,2236,1197265.1,35542.9
11,2237,1196310.4,35542.9
11,2238,1226894,34416.4
11,2239,1233460.9,31031.5
11,2240,1229902,27548.8
11,2241,1228871.1,26706.7
11,2242,1229966.2,21810.1
11,2243,1225655.8,90773.7
11,2244,1288411.4,105784.4
11,2245,1274942.9,110752.9
11,2246,1258880.4,112519
11,2247,1257502.2,120664.9
11,2248,1263503.5,129474.2
11,2249,1264583.8,141871.8
11,2250,1256216,144910.5
11,2251,1251614.8,139440.5
11,2252,1233733.1,132652.5
11,2253,1228970.9,129436.4
11,2254,1221332.4,130597.2
11,2255,1215974.5,127860.7
11,2256,1200168.4,120455.1
11,2257,1196452.2,116445
11,2258,1191538.5,109863.8
11,2259,1188323,105097.3
11,2260,1206649.4,103086.2
11,2261,1207454.4,100271.9
11,2262,1200074.6,95527.7
11,2263,1198349.1,93570.4
11,2264,1193695.2,88863.4
11,2265,1181915.2,81386.5
11,2266,1182635.2,78173.8
11,2267,1204207.9,78627.2
11,2268,1207453,71563.3
11,2269,1232236.1,66198.1
11,2270,1227497.4,61871.7
11,2271,1236411.9,60334.5
11,2272,1229669.5,52162.2
11,2273,1224837.9,51550.7
11,2274,1229176.4,51550.7
11,2275,1218668.5,50994.1
11,2276,1201636.1,46857
11,2277,1222525.2,46227.8
11,2278,1218895.6,42861.4
11,2279,1218916.5,37370.1
11,2280,1205670.1,29799
11,2281,1177494.4,29201.6
11,2282,1170710.5,29103
11,2283,1149894,29103
11,2284,1139267.1,29053.1
11,2285,1138095.1,23410.2
11,2286,1136328.9,23410.2
11,2287,1128951.5,22246.7
11,2288,1117158.8,22246.7
11,2289,1125296,18121.6
11,2290,1142613.1,16197.9
11,2291,1141379.2,16197.9
11,2292,1137758.9,16197.9
11,2293,1134513,16197.9
11,2294,1128684.4,15607.2
11,2295,1122120.6,13423.3
11,2296,1112826.2,13423.3
11,2297,1108012.9,13423.3
11,2298,1112038,9744
11,2299,1119384.1,7994.8
11,2300,1130432.1,7994.8
11,2301,1119258.1,7994.8
11,2302,1110072.9,7862.9
11,2303,1111674,6234.3
11,2304,1100477.9,6234.3
11,2305,1098560.4,6234.3
11,2306,1127929.8,5025
11,2307,1120750,5025
11,2308,1122395.4,4893.8
11,2309,1127467.1,4504.5
11,2310,1124819.6,4358.3
11,2311,1127374,4215.8
11,2312,1125258.5,4215.8
11,2313,1147481.5,2737.1
11,2314,1144779,2737.1
11,2315,1134212.2,2737.1
11,2316,1139015.5,2582.9
11,2317,1134814.4,44565
11,2318,1128925.2,43357.6
11,2319,1159861.5,44978.3
11,2320,1162199.5,47512.8
11,2321,1178837.1,51002.1
11,2322,1172575.2,53852.6
11,2323,1169696.6,51565.1
11,2324,1182407.9,53375.9
11,2325,1185663.5,52939
11,2326,1186420.8,50932.3
11,2327,1185936.1,48119.7
11,2328,1184680.4,43887
11,2329,1198671.8,42288.1
11,2330,1210365.5,106577.5
11,2331,1201330.2,114043.3
11,2332,1236870.9,130662.7
11,2333,1233985.2,144890.6
11,2334,1228575.6,160455.2
11,2335,1230358.1,166059.5
11,2336,1243907.5,186540.4
11,2337,1241345.1,192828.6
11,2338,1229925.2,200734.4
11,2339,1235413.4,203762.6
11,2340,1250466,222312.9
11,2341,1244373,228014.1
11,2342,1266616.8,244956.2
11,2343,1274803.5,267647.8
11,2344,1271546.5,274882.2
11,2345,1280429.2,285905.4
11,2346,1286461.6,298609.3
11,2347,1281630.8,302371.2
11,2348,1290933.2,307328.3
11,2349,1295922.2,310788.4
11,2350,1293530.6,302968.9
11,2351,1288296.4,292848.4
11,2352,1299150.1,300098.8
11,2353,1282136.8,284779.5
11,2354,1261187.6,265712.2
11,2355,1244190.4,249002.4
11,2356,1237373.1,238610.3
11,2357,1260654.1,236749.7
11,2358,1243017.1,218471.4
11,2359,1243696.4,212549.3
11,2360,1235464.6,196032
11,2361,1212490.9,173189
11,2362,1223099.6,159817.9
11,2363,1207006,137294.3
11,2364,1206821,123817.9
11,2365,1199865.4,115100.1
11,2366,1232423.9,112656.7
11,2367,1230484.4,99493.1
11,2368,1227024.9,87175.4
11,2369,1211002.1,78423.8
11,2370,1209748.1,72326.6
11,2371,1214186.9,70567.5
11,2372,1210746.1,60222.2
11,2373,1220809.5,46112.3
11,2374,1217732.5,45612.5
11,2375,1209032.9,45612.5
11,2376,1214174.1,43608.1
11,2377,1247068.4,38150.2
11,2378,1252952.1,38150.2
11,2379,1252742.4,35117.3
11,2380,1259589.8,27284.4
11,2381,1264849,24459.1
11,2382,1261910.5,24459.1
11,2383,1258638.4,21544.9
11,2384,1256853.1,14270.8
11,2385,1270248.5,167730.7
11,2386,1294413.6,182279.1
11,2387,1299976,187495.5
11,2388,1296486.9,190653.9
11,2389,1285694.4,197662.6
11,2390,1256705.8,191604.9
11,2391,1297333.6,209956.5
11,2392,1298582.8,215197.1
11,2393,1287831.9,211813.6
11,2394,1289978.4,214891
11,2395,1297484.4,218750.6
11,2396,1297210.5,214352.7
11,2397,1310801.5,213847.2
11,2398,1300400.2,199849.7
11,2399,1281453.8,187009
11,2400,1255675.4,162837.2
11,2401,1251548.9,153902.3
11,2402,1238671.9,136552.2
11,2403,1247126,133279.8
11,2404,1228350.4,121933
11,2405,1216963.9,110401.3
11,2406,1209692.2,109194.5
11,2407,1219336.5,109194.5
11,2408,1222566.4,107954
11,2409,1216189.6,94506.4
11,2410,1202836.2,83641.6
11,2411,1191426,79965.8
11,2412,1189696.4,72173
11,2413,1179613.6,70749.7
11,2414,1185473.9,63612.2
11,2415,1170490.8,53002.7
11,2416,1176421.9,45904.2
11,2417,1174002.8,36539.5
11,2418,1203242.6,33920.8
11,2419,1205150.6,26285.2
11,2420,1206825.4,25917.5
11,2421,1197486,23529.3
11,2422,1195851.2,21544.1
11,2423,1193767.1,20930
11,2424,1237930.8,20930
11,2425,1238004.1,20492.2
11,2426,1228699.9,19592.8
11,2427,1231305,14765
11,2428,1236679.5,14765
11,2429,1234110.8,14765
11,2430,1244496.2,10716.2
11,2431,1233931.8,10716.2
11,2432,1230112.8,10716.2
11,2433,1220611.8,10716.2
11,2434,1224523,9239.3
11,2435,1222721.5,9089.8
11,2436,1253506.8,5232.3
11,2437,1248130,5232.3
11,2438,1260757.6,4158.3
11,2439,1253121.5,3979.1
11,2440,1257622.4,60309.7
11,2441,1249189.8,58821.6
11,2442,1242582.4,58516.8
11,2443,1244709.5,59465
11,2444,1252735.1,61558.1
11,2445,1250537.4,57372.5
11,2446,1267240.6,56588.8
11,2447,1281148.4,54277.3
11,2448,1310997,51766.5
11,2449,1294885,45486.3
11,2450,1333354.5,43659.3
11,2451,1330878.2,156581.5
11,2452,1336378,174077.6
11,2453,1328467.5,179425.6
11,2454,1322657.8,193653.4
11,2455,1325177.2,206152.1
11,2456,1344803.1,232330.7
11,2457,1324436.2,240288.9
11,2458,1332941.4,250247.4
11,2459,1332642.6,263651.2
11,2460,1323511.1,280575.5
11,2461,1318509.9,302368.3
11,2462,1353988,325000.1
11,2463,1354394.2,334071.6
11,2464,1351665.4,334306.7
11,2465,1351515,342650.9
11,2466,1332768,332762.3
11,2467,1305767.1,312339.3
11,2468,1299183.2,301924.1
11,2469,1288614.4,286989.7
11,2470,1297541.8,304275.2
11,2471,1296895.6,311038.1
11,2472,1301348.6,310704.9
11,2473,1304971.1,314258.7
11,2474,1310558.9,320430.5
11,2475,1319789.9,331828.3
11,2476,1313287.1,318589.2
11,2477,1317408.8,319165.8
11,2478,1339968.9,326694.7
11,2479,1348843.5,323255.8
11,2480,1373897.6,325729.1
11,2481,1365844.6,306742.3
11,2482,1365704.2,296416
11,2483,1366589.1,280826.7
11,2484,1360619.8,271329.3
11,2485,1360579.6,252695
11,2486,1360326,248421.3
11,2487,1357546.2,243606.6
11,2488,1366078.2,241820.4
11,2489,1333845.1,202925.9
11,2490,1313949.8,179182.5
11,2491,1354473.9,176985.2
11,2492,1341185.6,176062.3
11,2493,1341704.5,171497.2
11,2494,1349920.5,166951.6
11,2495,1360225,167057.8
11,2496,1341545.4,163772.6
11,2497,1353195.4,163827.9
11,2498,1337784.9,147529.1
11,2499,1309569.8,130421.7
11,2500,1296613.4,130421.7
12,2000,1200767.5,10543.1
12,2001,1216859.9,9020.8
12,2002,1220017.4,51441.8
12,2003,1229424.8,52197.1
12,2004,1217179.5,48118.7
12,2005,1247658.1,50401.8
12,2006,1253027.8,51099.8
12,2007,1260633.6,49699.1
12,2008,1254931.8,45910.5
12,2009,1259835.4,44725.2
12,2010,1249437.9,40996.8
12,2011,1225930.1,34716.6
12,2012,1214654.1,29707
12,2013,1212730,28679.1
12,2014,1200864.4,26348
12,2015,1206331.4,25045.2
12,2016,1210441,42197
12,2017,1202304.2,41516.7
12,2018,1208946.4,38481.6
12,2019,1251236.9,93366.2
12,2020,1252887,97911.1
12,2021,1268410.8,108985.4
12,2022,1278552.6,110549.3
12,2023,1277768.5,114961.4
12,2024,1283050.6,120037
12,2025,1299361.8,123363.3
12,2026,1283206.1,118693.5
12,2027,1284445.9,123704.4
12,2028,1335673.2,136681.1
12,2029,1318444.5,133848.9
12,2030,1329768.1,138711.6
12,2031,1318725.4,134313.9
12,2032,1328787.8,129863.4
12,2033,1296064,117138.8
12,2034,1283808.1,110225.1
12,2035,1278756.2,105907.7
12,2036,1270294.2,103048.4
12,2037,1296163.4,102296.5
12,2038,1266286.9,90210.2
12,2039,1260509.9,86197.6
12,2040,1262022.5,84610.7
12,2041,1263683.4,80320.6
12,2042,1268007.6,75802.7
12,2043,1256020,74779.3
12,2044,1250793.5,73833.8
12,2045,1234003.1,67519.3
12,2046,1229568.8,67196.1
12,2047,1220419,60662.1
12,2048,1234072.5,56900.7
12,2049,1224179,50583.9
12,2050,1211390.6,59574.1
12,2051,1225101.5,54560.8
12,2052,1222385.5,52672
12,2053,1213928.8,46810.8
12,2054,1207345.6,41570.5
12,2055,1204181.2,39388.7
12,2056,1215316,35819.4
12,2057,1225289.5,32191.2
12,2058,1218413.1,28899.1
12,2059,1215896,23459
12,2060,1212683.2,22708.4
12,2061,1209916.6,21608.7
12,2062,1218856.6,20439.4
12,2063,1216887.5,19952
12,2064,1218316.4,19587.1
12,2065,1232841.5,104612.6
12,2066,1235950.5,109630.9
12,2067,1238201.5,115638.9
12,2068,1230195.1,117130
12,2069,1234570.4,121398.8
12,2070,1220235.6,118649.4
12,2071,1225148.9,117980.8
12,2072,1228531.2,116923.5
12,2073,1259381.5,121534.3
12,2074,1256740.6,115840.9
12,2075,1246303.5,111260.1
12,2076,1245225.2,110194.8
12,2077,1232007.6,101559.9
12,2078,1221598.8,94345.3
12,2079,1215585.5,88595.9
12,2080,1211298.6,81289.4
12,2081,1202502,74235.5
12,2082,1207459.8,71591.5
12,2083,1196067.9,67718.7
12,2084,1198173.6,63210.9
12,2085,1192043.6,57365.8
12,2086,1180611,49441
12,2087,1187062.5,47186.2
12,2088,1185280,43703.3
12,2089,1189465.8,39335.6
12,2090,1186864.4,32507.4
12,2091,1192737.8,31803.3
12,2092,1190731.2,31200
12,2093,1172573.5,30301.2
12,2094,1174662.6,22669.8
12,2095,1164214.8,18216.6
12,2096,1169999,16997
12,2097,1173883.4,16997
12,2098,1167397.1,16652
12,2099,1172940,15458.2
12,2100,1161352.1,15458.2
12,2101,1157365,15163.1
12,2102,1175769.1,14191.8
12,2103,1177666.2,11879.9
12,2104,1170384.6,11879.9
12,2105,1182229.9,11558.1
12,2106,1162876.1,11558.1
12,2107,1160275.1,11055.8
12,2108,1153377,11055.8
12,2109,1135912.9,10799.4
12,2110,1133621.8,5942.7
12,2111,1125353.9,4986.3
12,2112,1130081.9,4438.7
12,2113,1132992.6,4438.7
12,2114,1128488,4438.7
12,2115,1143907.1,3599.1
12,2116,1139933.4,3277.2
12,2117,1142710.4,3254.3
12,2118,1132986.5,3254.3
12,2119,1135417.2,11772.1
12,2120,1156989.1,10409.7
12,2121,1158996,10276.2
12,2122,1179378.1,9153
12,2123,1171379.4,8566.8
12,2124,1152761,1850.7
12,2125,1160875.2,1635.8
12,2126,1164239.4,1614
12,2127,1154848.4,1614
12,2128,1183409.1,1614
12,2129,1173869.5,1614
12,2130,1199433.2,49419
12,2131,1201095.6,51491.9
12,2132,1201443.1,54939.8
12,2133,1205472,57089.4
12,2134,1208591.1,61910.7
12,2135,1209748,63441.6
12,2136,1207643.2,64503.8
12,2137,1213152.2,69741
12,2138,1198053.1,69239
12,2139,1229965.8,77950.8
12,2140,1229889.6,76650.9
12,2141,1227061.4,78720.8
12,2142,1209867.6,73367.9
12,2143,1195389,69042.7
12,2144,1201787.6,66474.9
12,2145,1197005.4,62390.1
12,2146,1189632.6,58842.8
12,2147,1186606.8,57148.2
12,2148,1184570.5,53054.3
12,2149,1186536.2,51218.3
12,2150,1197103,48176.5
12,2151,1182519.2,119989.6
12,2152,1179360.1,122218.4
12,2153,1226905.9,141931.7
12,2154,1225057.4,154100.1
12,2155,1233936.1,171564.1
12,2156,1229285.1,180990.5
12,2157,1231741.9,186342
12,2158,1223862.2,197413.5
12,2159,1209756.2,202531.8
12,2160,1205538.1,207641.9
12,2161,1197355,211857.7
12,2162,1230295.1,236809.5
12,2163,1228327.8,240024.6
12,2164,1220356.9,236628.6
12,2165,1240720.5,247829.5
12,2166,1239981,242895.2
12,2167,1247020.2,254392.7
12,2168,1249599.9,254202.8
12,2169,1223888.8,237694.3
12,2170,1210097,225615.4
12,2171,1193383.6,216192.4
12,2172,1182113,208318.2
12,2173,1175128.6,198241.8
12,2174,1192729.4,205220.4
12,2175,1178388.1,185091.2
12,2176,1161207.1,168122.3
12,2177,1141315.6,147974.3
12,2178,1125511,135938.6
12,2179,1117709.2,121547.5
12,2180,1125388.9,114293.9
12,2181,1126234,111885.6
12,2182,1117943.8,101908.8
12,2183,1125272.2,93769.1
12,2184,1121269.9,86542.1
12,2185,1117733,75699.1
12,2186,1122521.1,62377.4
12,2187,1147646.1,56844.2
12,2188,1152958,45229.7
12,2189,1151822.5,45229.7
12,2190,1160591.1,35962.1
12,2191,1160081.1,32596.7
12,2192,1155525.4,30210.9
12,2193,1174187.8,20442.4
12,2194,1172411.9,18973.9
12,2195,1173712.4,18278.6
12,2196,1175946.6,16968
12,2197,1176796.2,16419.4
12,2198,1174969.8,15934.9
12,2199,1172566.1,15879.8
12,2200,1172185.6,15879.8
12,2201,1177698.9,12813.4
12,2202,1160060.2,12298.5
12,2203,1159310,11189.6
12,2204,1159598.6,11073.6
12,2205,1166722.9,10952.7
12,2206,1158728,10952.7
12,2207,1155745,10952.7
12,2208,1145167.8,10952.7
12,2209,1168693.2,78905.9
12,2210,1174993.6,78715.8
12,2211,1163296.5,71700.4
12,2212,1170684.1,70479.3
12,2213,1172882,67353.9
12,2214,1202635.4,65430
12,2215,1242119,66407.1
12,2216,1275436.1,64981.6
12,2217,1276636.6,60412.7
12,2218,1299143.8,57350.5
12,2219,1306800.2,54664.4
12,2220,1314495.8,52683.6
12,2221,1312584.2,48434.8
12,2222,1309424.2,48053
12,2223,1303864.9,42194.2
12,2224,1301941.6,39692.1
12,2225,1287634.5,35658.5
12,2226,1275703.9,72066.6
12,2227,1260515.1,63946.6
12,2228,1264855.4,62647.4
12,2229,1256143.1,57044
12,2230,1241543.2,51002.7
12,2231,1232237.5,44776.8
12,2232,1230026.5,42936
12,2233,1228468,42329.4
12,2234,1211797.2,42390.4
12,2235,1205192.1,41907.3
12,2236,1197265.1,35542.9
12,2237,1196310.4,35542.9
12,2238,1226894,34416.4
12,2239,1233460.9,31031.5
12,2240,1229902,27548.8
12,2241,1228871.1,26706.7
12,2242,1229966.2,21810.1
12,2243,1225655.8,90773.7
12,2244,1288411.4,105784.4
12,2245,1274942.9,110752.9
12,2246,1258880.4,112519
12,2247,1257502.2,120664.9
12,2248,1263503.5,129474.2
12,2249,1264583.8,141871.8
12,2250,1256216,144910.5
12,2251,1251614.8,139440.5
12,2252,1233733.1,132652.5
12,2253,1228970.9,129436.4
12,2254,1221332.4,130597.2
12,2255,1215974.5,127860.7
12,2256,1200168.4,120455.1
12,2257,1196452.2,116445
12,2258,1191538.5,109863.8
12,2259,1188323,105097.3
12,2260,1206649.4,103086.2
12,2261,1207454.4,100271.9
12,2262,1200074.6,95527.7
12,2263,1198349.1,93570.4
12,2264,1193695.2,88863.4
12,2265,1181915.2,81386.5
12,2266,1182635.2,78173.8
12,2267,1204207.9,78627.2
12,2268,1207453,71563.3
12,2269,1232236.1,66198.1
12,2270,1227497.4,61871.7
12,2271,1236411.9,60334.5
12,2272,1229669.5,52162.2
12,2273,1224837.9,51550.7
12,2274,1229176.4,51550.7
12,2275,1218668.5,50994.1
12,2276,1201636.1,46857
12,2277,1222525.2,46227.8
12,2278,1218895.6,42861.4
12,2279,1218916.5,37370.1
12,2280,1205670.1,29799
12,2281,1177494.4,29201.6
12,2282,1170710.5,29103
12,2283,1149894,29103
12,2284,1139267.1,29053.1
12,2285,1138095.1,23410.2
12,2286,1136328.9,23410.2
12,2287,1128951.5,22246.7
12,2288,1117158.8,22246.7
12,2289,1125296,18121.6
12,2290,1142613.1,16197.9
12,2291,1141379.2,16197.9
12,2292,1137758.9,16197.9
12,2293,1134513,16197.9
12,2294,1128684.4,15607.2
12,2295,1122120.6,13423.3
12,2296,1112826.2,13423.3
12,2297,1108012.9,13423.3
12,2298,1112038,9744
12,2299,1119384.1,7994.8
12,2300,1130432.1,7994.8
12,2301,1119258.1,7994.8
12,2302,1110072.9,7862.9
12,2303,1111674,6234.3
12,2304,1100477.9,6234.3
12,2305,1098560.4,6234.3
12,2306,1127929.8,5025
12,2307,1120750,5025
12,2308,1122395.4,4893.8
12,2309,1127467.1,4504.5
12,2310,1124819.6,4358.3
12,2311,1127374,4215.8
12,2312,1125258.5,4215.8
12,2313,1147481.5,2737.1
12,2314,1144779,2737.1
12,2315,1134212.2,2737.1
12,2316,1139015.5,2582.9
12,2317,1134814.4,44565
12,2318,1128925.2,43357.6
12,2319,1159861.5,44978.3
12,2320,1162199.5,47512.8
12,2321,1178837.1,51002.1
12,2322,1172575.2,53852.6
12,2323,1169696.6,51565.1
12,2324,1182407.9,53375.9
12,2325,1185663.5,52939
12,2326,1186420.8,50932.3
12,2327,1185936.1,48119.7
12,2328,1184680.4,43887
12,2329,1198671.8,42288.1
12,2330,1210365.5,106577.5
12,2331,1201330.2,114043.3
12,2332,1236870.9,130662.7
12,2333,1233985.2,144890.6
12,2334,1228575.6,160455.2
12,2335,1230358.1,166059.5
12,2336,1243907.5,186540.4
12,2337,1241345.1,192828.6
12,2338,1229925.2,200734.4
12,2339,1235413.4,203762.6
12,2340,1250466,222312.9
12,2341,1244373,228014.1
12,2342,1266616.8,244956.2
12,2343,1274803.5,267647.8
12,2344,1271546.5,274882.2
12,2345,1280429.2,285905.4
12,2346,1286461.6,298609.3
12,2347,1281630.8,302371.2
12,2348,1290933.2,307328.3
12,2349,1295922.2,310788.4
12,2350,1293530.6,302968.9
12,2351,1288296.4,292848.4
12,2352,1299150.1,300098.8
12,2353,1282136.8,284779.5
12,2354,1261187.6,265712.2
12,2355,1244190.4,249002.4
12,2356,1237373.1,238610.3
12,2357,1260654.1,236749.7
12,2358,1243017.1,218471.4
12,2359,1243696.4,212549.3
12,2360,1235464.6,196032
12,2361,1212490.9,173189
12,2362,1223099.6,159817.9
12,2363,1207006,137294.3
12,2364,1206821,123817.9
12,2365,1199865.4,115100.1
12,2366,1232423.9,112656.7
12,2367,1230484.4,99493.1
12,2368,1227024.9,87175.4
12,2369,1211002.1,78423.8
12,2370,1209748.1,72326.6
12,2371,1214186.9,70567.5
12,2372,1210746.1,60222.2
12,2373,1220809.5,46112.3
12,2374,1217732.5,45612.5
12,2375,1209032.9,45612.5
12,2376,1214174.1,43608.1
12,2377,1247068.4,38150.2
12,2378,1252952.1,38150.2
12,2379,1252742.4,35117.3
12,2380,1259589.8,27284.4
12,2381,1264849,24459.1
12,2382,1261910.5,24459.1
12,2383,1258638.4,21544.9
12,2384,1256853.1,14270.8
12,2385,1270248.5,167730.7
12,2386,1294413.6,182279.1
12,2387,1299976,187495.5
12,2388,1296486.9,190653.9
12,2389,1285694.4,197662.6
12,2390,1256705.8,191604.9
12,2391,1297333.6,209956.5
12,2392,1298582.8,215197.1
12,2393,1287831.9,211813.6
12,2394,1289978.4,214891
12,2395,1297484.4,218750.6
12,2396,1297210.5,214352.7
12,2397,1310801.5,213847.2
12,2398,1300400.2,199849.7
12,2399,1281453.8,187009
12,2400,1255675.4,162837.2
12,2401,1251548.9,153902.3
12,2402,1238671.9,136552.2
12,2403,1247126,133279.8
12,2404,1228350.4,121933
12,2405,1216963.9,110401.3
12,2406,1209692.2,109194.5
12,2407,1219336.5,109194.5
12,2408,1222566.4,107954
12,2409,1216189.6,94506.4
12,2410,1202836.2,83641.6
12,2411,1191426,79965.8
12,2412,1189696.4,72173
12,2413,1179613.6,70749.7
12,2414,1185473.9,63612.2
12,2415,1170490.8,53002.7
12,2416,1176421.9,45904.2
12,2417,1174002.8,36539.5
12,2418,1203242.6,33920.8
12,2419,1205150.6,26285.2
12,2420,1206825.4,25917.5
12,2421,1197486,23529.3
12,2422,1195851.2,21544.1
12,2423,1193767.1,20930
12,2424,1237930.8,20930
12,2425,1238004.1,20492.2
12,2426,1228699.9,19592.8
12,2427,1231305,14765
12,2428,1236679.5,14765
12,2429,1234110.8,14765
12,2430,1244496.2,10716.2
12,2431,1233931.8,10716.2
12,2432,1230112.8,10716.2
12,2433,1220611.8,10716.2
12,2434,1224523,9239.3
12,2435,1222721.5,9089.8
12,2436,1253506.8,5232.3
12,2437,1248130,5232.3
12,2438,1260757.6,4158.3
12,2439,1253121.5,3979.1
12,2440,1257622.4,60309.7
12,2441,1249189.8,58821.6
12,2442,1242582.4,58516.8
12,2443,1244709.5,59465
12,2444,1252735.1,61558.1
12,2445,1250537.4,57372.5
12,2446,1267240.6,56588.8
12,2447,1281148.4,54277.3
12,2448,1310997,51766.5
12,2449,1294885,45486.3
12,2450,1333354.5,43659.3
12,2451,1330878.2,156581.5
12,2452,1336378,174077.6
12,2453,1328467.5,179425.6
12,2454,1322657.8,193653.4
12,2455,1325177.2,206152.1
12,2456,1344803.1,232330.7
12,2457,1324436.2,240288.9
12,2458,1332941.4,250247.4
12,2459,1332642.6,263651.2
12,2460,1323511.1,280575.5
12,2461,1318509.9,302368.3
12,2462,1353988,325000.1
12,2463,1354394.2,334071.6
12,2464,1351665.4,334306.7
12,2465,1351515,342650.9
12,2466,1332768,332762.3
12,2467,1305767.1,312339.3
12,2468,1299183.2,301924.1
12,2469,1288614.4,286989.7
12,2470,1297541.8,304275.2
12,2471,1296895.6,311038.1
12,2472,1301348.6,310704.9
12,2473,1304971.1,314258.7
12,2474,1310558.9,320430.5
12,2475,1319789.9,331828.3
12,2476,1313287.1,318589.2
12,2477,1317408.8,319165.8
12,2478,1339968.9,326694.7
12,2479,1348843.5,323255.8
12,2480,1373897.6,325729.1
12,2481,1365844.6,306742.3
12,2482,1365704.2,296416
12,2483,1366589.1,280826.7
12,2484,1360619.8,271329.3
12,2485,1360579.6,252695
12,2486,1360326,248421.3
12,2487,1357546.2,243606.6
12,2488,1366078.2,241820.4
12,2489,1333845.1,202925.9
12,2490,1313949.8,179182.5
12,2491,1354473.9,176985.2
12,2492,1341185.6,176062.3
12,2493,1341704.5,171497.2
12,2494,1349920.5,166951.6
12,2495,1360225,167057.8
12,2496,1341545.4,163772.6
12,2497,1353195.4,163827.9
12,2498,1337784.9,147529.1
12,2499,1309569.8,130421.7
12,2500,1296613.4,130421.7
13,2000,1200767.5,10543.1
13,2001,1216859.9,9020.8
13,2002,1220017.4,51441.8
13,2003,1229424.8,52197.1
13,2004,1217179.5,48118.7
13,2005,1247658.1,50401.8
13,2006,1253027.8,51099.8
13,2007,1260633.6,49699.1
13,2008,1254931.8,45910.5
13,2009,1259835.4,44725.2
13,2010,1249437.9,40996.8
13,2011,1225930.1,34716.6
13,2012,1214654.1,29707
13,2013,1212730,28679.1
13,2014,1200864.4,26348
13,2015,1206331.4,25045.2
13,2016,1210441,42197
13,2017,1202304.2,41516.7
13,2018,1208946.4,38481.6
13,2019,1251236.9,93366.2
13,2020,1252887,97911.1
13,2021,1268410.8,108985.4
13,2022,1278552.6,110549.3
13,2023,1277768.5,114961.4
13,2024,1283050.6,120037
13,2025,1299361.8,123363.3
13,2026,1283206.1,118693.5
13,2027,1284445.9,123704.4
13,2028,1335673.2,136681.1
13,2029,1318444.5,133848.9
13,2030,1329768.1,138711.6
13,2031,1318725.4,134313.9
13,2032,1328787.8,129863.4
13,2033,1296064,117138.8
13,2034,1283808.1,110225.1
13,2035,1278756.2,105907.7
13,2036,1270294.2,103048.4
13,2037,1296163.4,102296.5
13,2038,1266286.9,90210.2
13,2039,1260509.9,86197.6
13,2040,1262022.5,84610.7
13,2041,1263683.4,80320.6
13,2042,1268007.6,75802.7
13,2043,1256020,74779.3
13,2044,1250793.5,73833.8
13,2045,1234003.1,67519.3
13,2046,1229568.8,67196.1
13,2047,1220419,60662.1
13,2048,1234072.5,56900.7
13,2049,1224179,50583.9
13,2050,1211390.6,59574.1
13,2051,1225101.5,54560.8
13,2052,1222385.5,52672
13,2053,1213928.8,46810.8
13,2054,1207345.6,41570.5
13,2055,1204181.2,39388.7
13,2056,1215316,35819.4
13,2057,1225289.5,32191.2
13,2058,1218413.1,28899.1
13,2059,1215896,23459
13,2060,1212683.2,22708.4
13,2061,1209916.6,21608.7
13,2062,1218856.6,20439.4
13,2063,1216887.5,19952
13,2064,1218316.4,19587.1
13,2065,1232841.5,104612.6
13,2066,1235950.5,109630.9
13,2067,1238201.5,115638.9
13,2068,1230195.1,117130
13,2069,1234570.4,121398.8
13,2070,1220235.6,118649.4
13,2071,1225148.9,117980.8
13,2072,1228531.2,116923.5
13,2073,1259381.5,121534.3
13,2074,1256740.6,115840.9
13,2075,1246303.5,111260.1
13,2076,1245225.2,110194.8
13,2077,1232007.6,101559.9
13,2078,1221598.8,94345.3
13,2079,1215585.5,88595.9
13,2080,1211298.6,81289.4
13,2081,1202502,74235.5
13,2082,1207459.8,71591.5
13,2083,1196067.9,67718.7
13,2084,1198173.6,63210.9
13,2085,1192043.6,57365.8
13,2086,1180611,49441
13,2087,1187062.5,47186.2
13,2088,1185280,43703.3
13,2089,1189465.8,39335.6
13,2090,1186864.4,32507.4
13,2091,1192737.8,31803.3
13,2092,1190731.2,31200
13,2093,1172573.5,30301.2
13,2094,1174662.6,22669.8
13,2095,1164214.8,18216.6
13,2096,1169999,16997
13,2097,1173883.4,16997
13,2098,1167397.1,16652
13,2099,1172940,15458.2
13,2100,1161352.1,15458.2
13,2101,1157365,15163.1
13,2102,1175769.1,14191.8
13,2103,1177666.2,11879.9
13,2104,1170384.6,11879.9
13,2105,1182229.9,11558.1
13,2106,1162876.1,11558.1
13,2107,1160275.1,11055.8
13,2108,1153377,11055.8
13,2109,1135912.9,10799.4
13,2110,1133621.8,5942.7
13,2111,1125353.9,4986.3
13,2112,1130081.9,4438.7
13,2113,1132992.6,4438.7
13,2114,1128488,4438.7
13,2115,1143907.1,3599.1
13,2116,1139933.4,3277.2
13,2117,1142710.4,3254.3
13,2118,1132986.5,3254.3
13,2119,1135417.2,11772.1
13,2120,1156989.1,10409.7
13,2121,1158996,10276.2
13,2122,1179378.1,9153
13,2123,1171379.4,8566.8
13,2124,1152761,1850.7
13,2125,1160875.2,1635.8
13,2126,1164239.4,1614
13,2127,1154848.4,1614
13,2128,1183409.1,1614
13,2129,1173869.5,1614
13,2130,1199433.2,49419
13,2131,1201095.6,51491.9
13,2132,1201443.1,54939.8
13,2133,1205472,57089.4
13,2134,1208591.1,61910.7
13,2135,1209748,63441.6
13,2136,1207643.2,64503.8
13,2137,1213152.2,69741
13,2138,1198053.1,69239
13,2139,1229965.8,77950.8
13,2140,1229889.6,76650.9
13,2141,1227061.4,78720.8
13,2142,1209867.6,73367.9
13,2143,1195389,69042.7
13,2144,1201787.6,66474.9
13,2145,1197005.4,62390.1
13,2146,1189632.6,58842.8
13,2147,1186606.8,57148.2
13,2148,1184570.5,53054.3
13,2149,1186536.2,51218.3
13,2150,1197103,48176.5
13,2151,1182519.2,119989.6
13,2152,1179360.1,122218.4
13,2153,1226905.9,141931.7
13,2154,1225057.4,154100.1
13,2155,1233936.1,171564.1
13,2156,1229285.1,180990.5
13,2157,1231741.9,186342
13,2158,1223862.2,197413.5
13,2159,1209756.2,202531.8
13,2160,1205538.1,207641.9
13,2161,1197355,211857.7
13,2162,1230295.1,236809.5
13,2163,1228327.8,240024.6
13,2164,1220356.9,236628.6
13,2165,1240720.5,247829.5
13,2166,1239981,242895.2
13,2167,1247020.2,254392.7
13,2168,1249599.9,254202.8
13,2169,1223888.8,237694.3
13,2170,1210097,225615.4
13,2171,1193383.6,216192.4
13,2172,1182113,208318.2
13,2173,1175128.6,198241.8
13,2174,1192729.4,205220.4
13,2175,1178388.1,185091.2
13,2176,1161207.1,168122.3
13,2177,1141315.6,147974.3
13,2178,1125511,135938.6
13,2179,1117709.2,121547.5
13,2180,1125388.9,114293.9
13,2181,1126234,111885.6
13,2182,1117943.8,101908.8
13,2183,1125272.2,93769.1
13,2184,1121269.9,86542.1
13,2185,1117733,75699.1
13,2186,1122521.1,62377.4
13,2187,1147646.1,56844.2
13,2188,1152958,45229.7
13,2189,1151822.5,45229.7
13,2190,1160591.1,35962.1
13,2191,1160081.1,32596.7
13,2192,1155525.4,30210.9
13,2193,1174187.8,20442.4
13,2194,1172411.9,18973.9
13,2195,1173712.4,18278.6
13,2196,1175946.6,16968
13,2197,1176796.2,16419.4
13,2198,1174969.8,15934.9
13,2199,1172566.1,15879.8
13,2200,1172185.6,15879.8
13,2201,1177698.9,12813.4
13,2202,1160060.2,12298.5
13,2203,1159310,11189.6
13,2204,1159598.6,11073.6
13,2205,1166722.9,10952.7
13,2206,1158728,10952.7
13,2207,1155745,10952.7
13,2208,1145167.8,10952.7
13,2209,1168693.2,78905.9
13,2210,1174993.6,78715.8
13,2211,1163296.5,71700.4
13,2212,1170684.1,70479.3
13,2213,1172882,67353.9
13,2214,1202635.4,65430
13,2215,1242119,66407.1
13,2216,1275436.1,64981.6
13,2217,1276636.6,60412.7
13,2218,1299143.8,57350.5
13,2219,1306800.2,54664.4
13,2220,1314495.8,52683.6
13,2221,1312584.2,48434.8
13,2222,1309424.2,48053
13,2223,1303864.9,42194.2
13,2224,1301941.6,39692.1
13,2225,1287634.5,35658.5
13,2226,1275703.9,72066.6
13,2227,1260515.1,63946.6
13,2228,1264855.4,62647.4
13,2229,1256143.1,57044
13,2230,1241543.2,51002.7
13,2231,1232237.5,44776.8
13,2232,1230026.5,42936
13,2233,1228468,42329.4
13,2234,1211797.2,42390.4
13,2235,1205192.1,41907.3
13,2236,1197265.1,35542.9
13,2237,1196310.4,35542.9
13,2238,1226894,34416.4
13,2239,1233460.9,31031.5
13,2240,1229902,27548.8
13,2241,1228871.1,26706.7
13,2242,1229966.2,21810.1
13,2243,1225655.8,90773.7
13,2244,1288411.4,105784.4
13,2245,1274942.9,110752.9
13,2246,1258880.4,112519
13,2247,1257502.2,120664.9
13,2248,1263503.5,129474.2
13,2249,1264583.8,141871.8
13,2250,1256216,144910.5
13,2251,1251614.8,139440.5
13,2252,1233733.1,132652.5
13,2253,1228970.9,129436.4
13,2254,1221332.4,130597.2
13,2255,1215974.5,127860.7
13,2256,1200168.4,120455.1
13,2257,1196452.2,116445
13,2258,1191538.5,109863.8
13,2259,1188323,105097.3
13,2260,1206649.4,103086.2
13,2261,1207454.4,100271.9
13,2262,1200074.6,95527.7
13,2263,1198349.1,93570.4
13,2264,1193695.2,88863.4
13,2265,1181915.2,81386.5
13,2266,1182635.2,78173.8
13,2267,1204207.9,78627.2
13,2268,1207453,71563.3
13,2269,1232236.1,66198.1
13,2270,1227497.4,61871.7
13,2271,1236411.9,60334.5
13,2272,1229669.5,52162.2
13,2273,1224837.9,51550.7
13,2274,1229176.4,51550.7
13,2275,1218668.5,50994.1
13,2276,1201636.1,46857
13,2277,1222525.2,46227.8
13,2278,1218895.6,42861.4
13,2279,1218916.5,37370.1
13,2280,1205670.1,29799
13,2281,1177494.4,29201.6
13,2282,1170710.5,29103
13,2283,1149894,29103
13,2284,1139267.1,29053.1
13,2285,1138095.1,23410.2
13,2286,1136328.9,23410.2
13,2287,1128951.5,22246.7
13,2288,1117158.8,22246.7
13,2289,1125296,18121.6
13,2290,1142613.1,16197.9
13,2291,1141379.2,16197.9
13,2292,1137758.9,16197.9
13,2293,1134513,16197.9
13,2294,1128684.4,15607.2
13,2295,1122120.6,13423.3
13,2296,1112826.2,13423.3
13,2297,1108012.9,13423.3
13,2298,1112038,9744
13,2299,1119384.1,7994.8
13,2300,1130432.1,7994.8
13,2301,1119258.1,7994.8
13,2302,1110072.9,7862.9
13,2303,1111674,6234.3
13,2304,1100477.9,6234.3
13,2305,1098560.4,6234.3
13,2306,1127929.8,5025
13,2307,1120750,5025
13,2308,1122395.4,4893.8
13,2309,1127467.1,4504.5
13,2310,1124819.6,4358.3
13,2311,1127374,4215.8
13,2312,1125258.5,4215.8
13,2313,1147481.5,2737.1
13,2314,1144779,2737.1
13,2315,1134212.2,2737.1
13,2316,1139015.5,2582.9
13,2317,1134814.4,44565
13,2318,1128925.2,43357.6
13,2319,1159861.5,44978.3
13,2320,1162199.5,47512.8
13,2321,1178837.1,51002.1
13,2322,1172575.2,53852.6
13,2323,1169696.6,51565.1
13,2324,1182407.9,53375.9
13,2325,1185663.5,52939
13,2326,1186420.8,50932.3
13,2327,1185936.1,48119.7
13,2328,1184680.4,43887
13,2329,1198671.8,42288.1
13,2330,1210365.5,106577.5
13,2331,1201330.2,114043.3
13,2332,1236870.9,130662.7
13,2333,1233985.2,144890.6
13,2334,1228575.6,160455.2
13,2335,1230358.1,166059.5
13,2336,1243907.5,186540.4
13,2337,1241345.1,192828.6
13,2338,1229925.2,200734.4
13,2339,1235413.4,203762.6
13,2340,1250466,222312.9
13,2341,1244373,228014.1
13,2342,1266616.8,244956.2
13,2343,1274803.5,267647.8
13,2344,1271546.5,274882.2
13,2345,1280429.2,285905.4
13,2346,1286461.6,298609.3
13,2347,1281630.8,302371.2
13,2348,1290933.2,307328.3
13,2349,1295922.2,310788.4
13,2350,1293530.6,302968.9
13,2351,1288296.4,292848.4
13,2352,1299150.1,300098.8
13,2353,1282136.8,284779.5
13,2354,1261187.6,265712.2
13,2355,1244190.4,249002.4
13,2356,1237373.1,238610.3
13,2357,1260654.1,236749.7
13,2358,1243017.1,218471.4
13,2359,1243696.4,212549.3
13,2360,1235464.6,196032
13,2361,1212490.9,173189
13,2362,1223099.6,159817.9
13,2363,1207006,137294.3
13,2364,1206821,123817.9
13,2365,1199865.4,115100.1
13,2366,1232423.9,112656.7
13,2367,1230484.4,99493.1
13,2368,1227024.9,87175.4
13,2369,1211002.1,78423.8
13,2370,1209748.1,72326.6
13,2371,1214186.9,70567.5
13,2372,1210746.1,60222.2
13,2373,1220809.5,46112.3
13,2374,1217732.5,45612.5
13,2375,1209032.9,45612.5
13,2376,1214174.1,43608.1
13,2377,1247068.4,38150.2
13,2378,1252952.1,38150.2
13,2379,1252742.4,35117.3
13,2380,1259589.8,27284.4
13,2381,1264849,24459.1
13,2382,1261910.5,24459.1
13,2383,1258638.4,21544.9
13,2384,1256853.1,14270.8
13,2385,1270248.5,167730.7
13,2386,1294413.6,182279.1
13,2387,1299976,187495.5
13,2388,1296486.9,190653.9
13,2389,1285694.4,197662.6
13,2390,1256705.8,191604.9
13,2391,1297333.6,209956.5
13,2392,1298582.8,215197.1
13,2393,1287831.9,211813.6
13,2394,1289978.4,214891
13,2395,1297484.4,218750.6
13,2396,1297210.5,214352.7
13,2397,1310801.5,213847.2
13,2398,1300400.2,199849.7
13,2399,1281453.8,187009
13,2400,1255675.4,162837.2
13,2401,1251548.9,153902.3
13,2402,1238671.9,136552.2
13,2403,1247126,133279.8
13,2404,1228350.4,121933
13,2405,1216963.9,110401.3
13,2406,1209692.2,109194.5
13,2407,1219336.5,109194.5
13,2408,1222566.4,107954
13,2409,1216189.6,94506.4
13,2410,1202836.2,83641.6
13,2411,1191426,79965.8
13,2412,1189696.4,72173
13,2413,1179613.6,70749.7
13,2414,1185473.9,63612.2
13,2415,1170490.8,53002.7
13,2416,1176421.9,45904.2
13,2417,1174002.8,36539.5
13,2418,1203242.6,33920.8
13,2419,1205150.6,26285.2
13,2420,1206825.4,25917.5
13,2421,1197486,23529.3
13,2422,1195851.2,21544.1
13,2423,1193767.1,20930
13,2424,1237930.8,20930
13,2425,1238004.1,20492.2
13,2426,1228699.9,19592.8
13,2427,1231305,14765
13,2428,1236679.5,14765
13,2429,1234110.8,14765
13,2430,1244496.2,10716.2
13,2431,1233931.8,10716.2
13,2432,1230112.8,10716.2
13,2433,1220611.8,10716.2
13,2434,1224523,9239.3
13,2435,1222721.5,9089.8
13,2436,1253506.8,5232.3
13,2437,1248130,5232.3
13,2438,1260757.6,4158.3
13,2439,1253121.5,3979.1
13,2440,1257622.4,60309.7
13,2441,1249189.8,58821.6
13,2442,1242582.4,58516.8
13,2443,1244709.5,59465
13,2444,1252735.1,61558.1
13,2445,1250537.4,57372.5
13,2446,1267240.6,56588.8
13,2447,1281148.4,54277.3
13,2448,1310997,51766.5
13,2449,1294885,45486.3
13,2450,1333354.5,43659.3
13,2451,1330878.2,156581.5
13,2452,1336378,174077.6
13,2453,1328467.5,179425.6
13,2454,1322657.8,193653.4
13,2455,1325177.2,206152.1
13,2456,1344803.1,232330.7
13,2457,1324436.2,240288.9
13,2458,1332941.4,250247.4
13,2459,1332642.6,263651.2
13,2460,1323511.1,280575.5
13,2461,1318509.9,302368.3
13,2462,1353988,325000.1
13,2463,1354394.2,334071.6
13,2464,1351665.4,334306.7
13,2465,1351515,342650.9
13,2466,1332768,332762.3
13,2467,1305767.1,312339.3
13,2468,1299183.2,301924.1
13,2469,1288614.4,286989.7
13,2470,1297541.8,304275.2
13,2471,1296895.6,311038.1
13,2472,1301348.6,310704.9
13,2473,1304971.1,314258.7
13,2474,1310558.9,320430.5
13,2475,1319789.9,331828.3
13,2476,1313287.1,318589.2
13,2477,1317408.8,319165.8
13,2478,1339968.9,326694.7
13,2479,1348843.5,323255.8
13,2480,1373897.6,325729.1
13,2481,1365844.6,306742.3
13,2482,1365704.2,296416
13,2483,1366589.1,280826.7
13,2484,1360619.8,271329.3
13,2485,1360579.6,252695
13,2486,1360326,248421.3
13,2487,1357546.2,243606.6
13,2488,1366078.2,241820.4
13,2489,1333845.1,202925.9
13,2490,1313949.8,179182.5
13,2491,1354473.9,176985.2
13,2492,1341185.6,176062.3
13,2493,1341704.5,171497.2
13,2494,1349920.5,166951.6
13,2495,1360225,167057.8
13,2496,1341545.4,163772.6
13,2497,1353195.4,163827.9
13,2498,1337784.9,147529.1
13,2499,1309569.8,130421.7
13,2500,1296613.4,130421.7
14,2000,1200767.5,10543.1
14,2001,1216859.9,9020.8
14,2002,1220017.4,51441.8
14,2003,1229424.8,52197.1
14,2004,1217179.5,48118.7
14,2005,1247658.1,50401.8
14,2006,1253027.8,51099.8
14,2007,1260633.6,49699.1
14,2008,1254931.8,45910.5
14,2009,1259835.4,44725.2
14,2010,1249437.9,40996.8
14,2011,1225930.1,34716.6
14,2012,1214654.1,29707
14,2013,1212730,28679.1
14,2014,1200864.4,26348
14,2015,1206331.4,25045.2
14,2016,1210441,42197
14,2017,1202304.2,41516.7
14,2018,1208946.4,38481.6
14,2019,1251236.9,93366.2
14,2020,1252887,97911.1
14,2021,1268410.8,108985.4
14,2022,1278552.6,110549.3
14,2023,1277768.5,114961.4
14,2024,1283050.6,120037
14,2025,1299361.8,123363.3
14,2026,1283206.1,118693.5
14,2027,1284445.9,123704.4
14,2028,1335673.2,136681.1
14,2029,1318444.5,133848.9
14,2030,1329768.1,138711.6
14,2031,1318725.4,134313.9
14,2032,1328787.8,129863.4
14,2033,1296064,117138.8
14,2034,1283808.1,110225.1
14,2035,1278756.2,105907.7
14,2036,1270294.2,103048.4
14,2037,1296163.4,102296.5
14,2038,1266286.9,90210.2
14,2039,1260509.9,86197.6
14,2040,1262022.5,84610.7
14,2041,1263683.4,80320.6
14,2042,1268007.6,75802.7
14,2043,1256020,74779.3
14,2044,1250793.5,73833.8
14,2045,1234003.1,67519.3
14,2046,1229568.8,67196.1
14,2047,1220419,60662.1
14,2048,1234072.5,56900.7
14,2049,1224179,50583.9
14,2050,1211390.6,59574.1
14,2051,1225101.5,54560.8
14,2052,1222385.5,52672
14,2053,1213928.8,46810.8
14,2054,1207345.6,41570.5
14,2055,1204181.2,39388.7
14,2056,1215316,35819.4
14,2057,1225289.5,32191.2
14,2058,1218413.1,28899.1
14,2059,1215896,23459
14,2060,1212683.2,22708.4
14,2061,1209916.6,21608.7
14,2062,1218856.6,20439.4
14,2063,1216887.5,19952
14,2064,1218316.4,19587.1
14,2065,1232841.5,104612.6
14,2066,1235950.5,109630.9
14,2067,1238201.5,115638.9
14,2068,1230195.1,117130
14,2069,1234570.4,121398.8
14,2070,1220235.6,118649.4
14,2071,1225148.9,117980.8
14,2072,1228531.2,116923.5
14,2073,1259381.5,121534.3
14,2074,1256740.6,115840.9
14,2075,1246303.5,111260.1
14,2076,1245225.2,110194.8
14,2077,1232007.6,101559.9
14,2078,1221598.8,94345.3
14,2079,1215585.5,88595.9
14,2080,1211298.6,81289.4
14,2081,1202502,74235.5
14,2082,1207459.8,71591.5
14,2083,1196067.9,67718.7
14,2084,1198173.6,63210.9
14,2085,1192043.6,57365.8
14,2086,1180611,49441
14,2087,1187062.5,47186.2
14,2088,1185280,43703.3
14,2089,1189465.8,39335.6
14,2090,1186864.4,32507.4
14,2091,1192737.8,31803.3
14,2092,1190731.2,31200
14,2093,1172573.5,30301.2
14,2094,1174662.6,22669.8
14,2095,1164214.8,18216.6
14,2096,1169999,16997
14,2097,1173883.4,16997
14,2098,1167397.1,16652
14,2099,1172940,15458.2
14,2100,1161352.1,15458.2
14,2101,1157365,15163.1
14,2102,1175769.1,14191.8
14,2103,1177666.2,11879.9
14,2104,1170384.6,11879.9
14,2105,1182229.9,11558.1
14,2106,1162876.1,11558.1
14,2107,1160275.1,11055.8
14,2108,1153377,11055.8
14,2109,1135912.9,10799.4
14,2110,1133621.8,5942.7
14,2111,1125353.9,4986.3
14,2112,1130081.9,4438.7
14,2113,1132992.6,4438.7
14,2114,1128488,4438.7
14,2115,1143907.1,3599.1
14,2116,1139933.4,3277.2
14,2117,1142710.4,3254.3
14,2118,1132986.5,3254.3
14,2119,1135417.2,11772.1
14,2120,1156989.1,10409.7
14,2121,1158996,10276.2
14,2122,1179378.1,9153
14,2123,1171379.4,8566.8
14,2124,1152761,1850.7
14,2125,1160875.2,1635.8
14,2126,1164239.4,1614
14,2127,1154848.4,1614
14,2128,1183409.1,1614
14,2129,1173869.5,1614
14,2130,1199433.2,49419
14,2131,1201095.6,51491.9
14,2132,1201443.1,54939.8
14,2133,1205472,57089.4
14,2134,1208591.1,61910.7
14,2135,1209748,63441.6
14,2136,1207643.2,64503.8
14,2137,1213152.2,69741
14,2138,1198053.1,69239
14,2139,1229965.8,77950.8
14,2140,1229889.6,76650.9
14,2141,1227061.4,78720.8
14,2142,1209867.6,73367.9
14,2143,1195389,69042.7
14,2144,1201787.6,66474.9
14,2145,1197005.4,62390.1
14,2146,1189632.6,58842.8
14,2147,1186606.8,57148.2
14,2148,1184570.5,53054.3
14,2149,1186536.2,51218.3
14,2150,1197103,48176.5
14,2151,1182519.2,119989.6
14,2152,1179360.1,122218.4
14,2153,1226905.9,141931.7
14,2154,1225057.4,154100.1
14,2155,1233936.1,171564.1
14,2156,1229285.1,180990.5
14,2157,1231741.9,186342
14,2158,1223862.2,197413.5
14,2159,1209756.2,202531.8
14,2160,1205538.1,207641.9
14,2161,1197355,211857.7
14,2162,1230295.1,236809.5
14,2163,1228327.8,240024.6
14,2164,1220356.9,236628.6
14,2165,1240720.5,247829.5
14,2166,1239981,242895.2
14,2167,1247020.2,254392.7
14,2168,1249599.9,254202.8
14,2169,1223888.8,237694.3
14,2170,1210097,225615.4
14,2171,1193383.6,216192.4
14,2172,1182113,208318.2
14,2173,1175128.6,198241.8
14,2174,1192729.4,205220.4
14,2175,1178388.1,185091.2
14,2176,1161207.1,168122.3
14,2177,1141315.6,147974.3
14,2178,1125511,135938.6
14,2179,1117709.2,121547.5
14,2180,1125388.9,114293.9
14,2181,1126234,111885.6
14,2182,1117943.8,101908.8
14,2183,1125272.2,93769.1
14,2184,1121269.9,86542.1
14,2185,1117733,75699.1
14,2186,1122521.1,62377.4
14,2187,1147646.1,56844.2
14,2188,1152958,45229.7
14,2189,1151822.5,45229.7
14,2190,1160591.1,35962.1
14,2191,1160081.1,32596.7
14,2192,1155525.4,30210.9
14,2193,1174187.8,20442.4
14,2194,1172411.9,18973.9
14,2195,1173712.4,18278.6
14,2196,1175946.6,16968
14,2197,1176796.2,16419.4
14,2198,1174969.8,15934.9
14,2199,1172566.1,15879.8
14,2200,1172185.6,15879.8
14,2201,1177698.9,12813.4
14,2202,1160060.2,12298.5
14,2203,1159310,11189.6
14,2204,1159598.6,11073.6
14,2205,1166722.9,10952.7
14,2206,1158728,10952.7
14,2207,1155745,10952.7
14,2208,1145167.8,10952.7
14,2209,1168693.2,78905.9
14,2210,1174993.6,78715.8
14,2211,1163296.5,71700.4
14,2212,1170684.1,70479.3
14,2213,1172882,67353.9
14,2214,1202635.4,65430
14,2215,1242119,66407.1
14,2216,1275436.1,64981.6
14,2217,1276636.6,60412.7
14,2218,1299143.8,57350.5
14,2219,1306800.2,54664.4
14,2220,1314495.8,52683.6
14,2221,1312584.2,48434.8
14,2222,1309424.2,48053
14,2223,1303864.9,42194.2
14,2224,1301941.6,39692.1
14,2225,1287634.5,35658.5
14,2226,1275703.9,72066.6
14,2227,1260515.1,63946.6
14,2228,1264855.4,62647.4
14,2229,1256143.1,57044
14,2230,1241543.2,51002.7
14,2231,1232237.5,44776.8
14,2232,1230026.5,42936
14,2233,1228468,42329.4
14,2234,1211797.2,42390.4
14,2235,1205192.1,41907.3
14,2236,1197265.1,35542.9
14,2237,1196310.4,35542.9
14,2238,1226894,34416.4
14,2239,1233460.9,31031.5
14,2240,1229902,27548.8
14,2241,1228871.1,26706.7
14,2242,1229966.2,21810.1
14,2243,1225655.8,90773.7
14,2244,1288411.4,105784.4
14,2245,1274942.9,110752.9
14,2246,1258880.4,112519
14,2247,1257502.2,120664.9
14,2248,1263503.5,129474.2
14,2249,1264583.8,141871.8
14,2250,1256216,144910.5
14,2251,1251614.8,139440.5
14,2252,1233733.1,132652.5
14,2253,1228970.9,129436.4
14,2254,1221332.4,130597.2
14,2255,1215974.5,127860.7
14,2256,1200168.4,120455.1
14,2257,1196452.2,116445
14,2258,1191538.5,109863.8
14,2259,1188323,105097.3
14,2260,1206649.4,103086.2
14,2261,1207454.4,100271.9
14,2262,1200074.6,95527.7
14,2263,1198349.1,93570.4
14,2264,1193695.2,88863.4
14,2265,1181915.2,81386.5
14,2266,1182635.2,78173.8
14,2267,1204207.9,78627.2
14,2268,1207453,71563.3
14,2269,1232236.1,66198.1
14,2270,1227497.4,61871.7
14,2271,1236411.9,60334.5
14,2272,1229669.5,52162.2
14,2273,1224837.9,51550.7
14,2274,1229176.4,51550.7
14,2275,1218668.5,50994.1
14,2276,1201636.1,46857
14,2277,1222525.2,46227.8
14,2278,1218895.6,42861.4
14,2279,1218916.5,37370.1
14,2280,1205670.1,29799
14,2281,1177494.4,29201.6
14,2282,1170710.5,29103
14,2283,1149894,29103
14,2284,1139267.1,29053.1
14,2285,1138095.1,23410.2
14,2286,1136328.9,23410.2
14,2287,1128951.5,22246.7
14,2288,1117158.8,22246.7
14,2289,1125296,18121.6
14,2290,1142613.1,16197.9
14,2291,1141379.2,16197.9
14,2292,1137758.9,16197.9
14,2293,1134513,16197.9
14,2294,1128684.4,15607.2
14,2295,1122120.6,13423.3
14,2296,1112826.2,13423.3
14,2297,1108012.9,13423.3
14,2298,1112038,9744
14,2299,1119384.1,7994.8
14,2300,1130432.1,7994.8
14,2301,1119258.1,7994.8
14,2302,1110072.9,7862.9
14,2303,1111674,6234.3
14,2304,1100477.9,6234.3
14,2305,1098560.4,6234.3
14,2306,1127929.8,5025
14,2307,1120750,5025
14,2308,1122395.4,4893.8
14,2309,1127467.1,4504.5
14,2310,1124819.6,4358.3
14,2311,1127374,4215.8
14,2312,1125258.5,4215.8
14,2313,1147481.5,2737.1
14,2314,1144779,2737.1
14,2315,1134212.2,2737.1
14,2316,1139015.5,2582.9
14,2317,1134814.4,44565
14,2318,1128925.2,43357.6
14,2319,1159861.5,44978.3
14,2320,1162199.5,47512.8
14,2321,1178837.1,51002.1
14,2322,1172575.2,53852.6
14,2323,1169696.6,51565.1
14,2324,1182407.9,53375.9
14,2325,1185663.5,52939
14,2326,1186420.8,50932.3
14,2327,1185936.1,48119.7
14,2328,1184680.4,43887
14,2329,1198671.8,42288.1
14,2330,1210365.5,106577.5
14,2331,1201330.2,114043.3
14,2332,1236870.9,130662.7
14,2333,1233985.2,144890.6
14,2334,1228575.6,160455.2
14,2335,1230358.1,166059.5
14,2336,1243907.5,186540.4
14,2337,1241345.1,192828.6
14,2338,1229925.2,200734.4
14,2339,1235413.4,203762.6
14,2340,1250466,222312.9
14,2341,1244373,228014.1
14,2342,1266616.8,244956.2
14,2343,1274803.5,267647.8
14,2344,1271546.5,274882.2
14,2345,1280429.2,285905.4
14,2346,1286461.6,298609.3
14,2347,1281630.8,302371.2
14,2348,1290933.2,307328.3
14,2349,1295922.2,310788.4
14,2350,1293530.6,302968.9
14,2351,1288296.4,292848.4
14,2352,1299150.1,300098.8
14,2353,1282136.8,284779.5
14,2354,1261187.6,265712.2
14,2355,1244190.4,249002.4
14,2356,1237373.1,238610.3
14,2357,1260654.1,236749.7
14,2358,1243017.1,218471.4
14,2359,1243696.4,212549.3
14,2360,1235464.6,196032
14,2361,1212490.9,173189
14,2362,1223099.6,159817.9
14,2363,1207006,137294.3
14,2364,1206821,123817.9
14,2365,1199865.4,115100.1
14,2366,1232423.9,112656.7
14,2367,1230484.4,99493.1
14,2368,1227024.9,87175.4
14,2369,1211002.1,78423.8
14,2370,1209748.1,72326.6
14,2371,1214186.9,70567.5
14,2372,1210746.1,60222.2
14,2373,1220809.5,46112.3
14,2374,1217732.5,45612.5
14,2375,1209032.9,45612.5
14,2376,1214174.1,43608.1
14,2377,1247068.4,38150.2
14,2378,1252952.1,38150.2
14,2379,1252742.4,35117.3
14,2380,1259589.8,27284.4
14,2381,1264849,24459.1
14,2382,1261910.5,24459.1
14,2383,1258638.4,21544.9
14,2384,1256853.1,14270.8
14,2385,1270248.5,167730.7
14,2386,1294413.6,182279.1
14,2387,1299976,187495.5
14,2388,1296486.9,190653.9
14,2389,1285694.4,197662.6
14,2390,1256705.8,191604.9
14,2391,1297333.6,209956.5
14,2392,1298582.8,215197.1
14,2393,1287831.9,211813.6
14,2394,1289978.4,214891
14,2395,1297484.4,218750.6
14,2396,1297210.5,214352.7
14,2397,1310801.5,213847.2
14,2398,1300400.2,199849.7
14,2399,1281453.8,187009
14,2400,1255675.4,162837.2
14,2401,1251548.9,153902.3
14,2402,1238671.9,136552.2
14,2403,1247126,133279.8
14,2404,1228350.4,121933
14,2405,1216963.9,110401.3
14,2406,1209692.2,109194.5
14,2407,1219336.5,109194.5
14,2408,1222566.4,107954
14,2409,1216189.6,94506.4
14,2410,1202836.2,83641.6
14,2411,1191426,79965.8
14,2412,1189696.4,72173
14,2413,1179613.6,70749.7
14,2414,1185473.9,63612.2
14,2415,1170490.8,53002.7
14,2416,1176421.9,45904.2
14,2417,1174002.8,36539.5
14,2418,1203242.6,33920.8
14,2419,1205150.6,26285.2
14,2420,1206825.4,25917.5
14,2421,1197486,23529.3
14,2422,1195851.2,21544.1
14,2423,1193767.1,20930
14,2424,1237930.8,20930
14,2425,1238004.1,20492.2
14,2426,1228699.9,19592.8
14,2427,1231305,14765
14,2428,1236679.5,14765
14,2429,1234110.8,14765
14,2430,1244496.2,10716.2
14,2431,1233931.8,10716.2
14,2432,1230112.8,10716.2
14,2433,1220611.8,10716.2
14,2434,1224523,9239.3
14,2435,1222721.5,9089.8
14,2436,1253506.8,5232.3
14,2437,1248130,5232.3
14,2438,1260757.6,4158.3
14,2439,1253121.5,3979.1
14,2440,1257622.4,60309.7
14,2441,1249189.8,58821.6
14,2442,1242582.4,58516.8
14,2443,1244709.5,59465
14,2444,1252735.1,61558.1
14,2445,1250537.4,57372.5
14,2446,1267240.6,56588.8
14,2447,1281148.4,54277.3
14,2448,1310997,51766.5
14,2449,1294885,45486.3
14,2450,1333354.5,43659.3
14,2451,1330878.2,156581.5
14,2452,1336378,174077.6
14,2453,1328467.5,179425.6
14,2454,1322657.8,193653.4
14,2455,1325177.2,206152.1
14,2456,1344803.1,232330.7
14,2457,1324436.2,240288.9
14,2458,1332941.4,250247.4
14,2459,1332642.6,263651.2
14,2460,1323511.1,280575.5
14,2461,1318509.9,302368.3
14,2462,1353988,325000.1
14,2463,1354394.2,334071.6
14,2464,1351665.4,334306.7
14,2465,1351515,342650.9
14,2466,1332768,332762.3
14,2467,1305767.1,312339.3
14,2468,1299183.2,301924.1
14,2469,1288614.4,286989.7
14,2470,1297541.8,304275.2
14,2471,1296895.6,311038.1
14,2472,1301348.6,310704.9
14,2473,1304971.1,314258.7
14,2474,1310558.9,320430.5
14,2475,1319789.9,331828.3
14,2476,1313287.1,318589.2
14,2477,1317408.8,319165.8
14,2478,1339968.9,326694.7
14,2479,1348843.5,323255.8
14,2480,1373897.6,325729.1
14,2481,1365844.6,306742.3
14,2482,1365704.2,296416
14,2483,1366589.1,280826.7
14,2484,1360619.8,271329.3
14,2485,1360579.6,252695
14,2486,1360326,248421.3
14,2487,1357546.2,243606.6
14,2488,1366078.2,241820.4
14,2489,1333845.1,202925.9
14,2490,1313949.8,179182.5
14,2491,1354473.9,176985.2
14,2492,1341185.6,176062.3
14,2493,1341704.5,171497.2
14,2494,1349920.5,166951.6
14,2495,1360225,167057.8
14,2496,1341545.4,163772.6
14,2497,1353195.4,163827.9
14,2498,1337784.9,147529.1
14,2499,1309569.8,130421.7
14,2500,1296613.4,130421.7
15,2000,1200767.5,10543.1
15,2001,1216859.9,9020.8
15,2002,1220017.4,51441.8
15,2003,1229424.8,52197.1
15,2004,1217179.5,48118.7
15,2005,1247658.1,50401.8
15,2006,1253027.8,51099.8
15,2007,1260633.6,49699.1
15,2008,1254931.8,45910.5
15,2009,1259835.4,44725.2
15,2010,1249437.9,40996.8
15,2011,1225930.1,34716.6
15,2012,1214654.1,29707
15,2013,1212730,28679.1
15,2014,1200864.4,26348
15,2015,1206331.4,25045.2
15,2016,1210441,42197
15,2017,1202304.2,41516.7
15,2018,1208946.4,38481.6
15,2019,1251236.9,93366.2
15,2020,1252887,97911.1
15,2021,1268410.8,108985.4
15,2022,1278552.6,110549.3
15,2023,1277768.5,114961.4
15,2024,1283050.6,120037
15,2025,1299361.8,123363.3
15,2026,1283206.1,118693.5
15,2027,1284445.9,123704.4
15,2028,1335673.2,136681.1
15,2029,1318444.5,133848.9
15,2030,1329768.1,138711.6
15,2031,1318725.4,134313.9
15,2032,1328787.8,129863.4
15,2033,1296064,117138.8
15,2034,1283808.1,110225.1
15,2035,1278756.2,105907.7
15,2036,1270294.2,103048.4
15,2037,1296163.4,102296.5
15,2038,1266286.9,90210.2
15,2039,1260509.9,86197.6
15,2040,1262022.5,84610.7
15,2041,1263683.4,80320.6
15,2042,1268007.6,75802.7
15,2043,1256020,74779.3
15,2044,1250793.5,73833.8
15,2045,1234003.1,67519.3
15,2046,1229568.8,67196.1
15,2047,1220419,60662.1
15,2048,1234072.5,56900.7
15,2049,1224179,50583.9
15,2050,1211390.6,59574.1
15,2051,1225101.5,54560.8
15,2052,1222385.5,52672
15,2053,1213928.8,46810.8
15,2054,1207345.6,41570.5
15,2055,1204181.2,39388.7
15,2056,1215316,35819.4
15,2057,1225289.5,32191.2
15,2058,1218413.1,28899.1
15,2059,1215896,23459
15,2060,1212683.2,22708.4
15,2061,1209916.6,21608.7
15,2062,1218856.6,20439.4
15,2063,1216887.5,19952
15,2064,1218316.4,19587.1
15,2065,1232841.5,104612.6
15,2066,1235950.5,109630.9
15,2067,1238201.5,115638.9
15,2068,1230195.1,117130
15,2069,1234570.4,121398.8
15,2070,1220235.6,118649.4
15,2071,1225148.9,117980.8
15,2072,1228531.2,116923.5
15,2073,1259381.5,121534.3
15,2074,1256740.6,115840.9
15,2075,1246303.5,111260.1
15,2076,1245225.2,110194.8
15,2077,1232007.6,101559.9
15,2078,1221598.8,94345.3
15,2079,1215585.5,88595.9
15,2080,1211298.6,81289.4
15,2081,1202502,74235.5
15,2082,1207459.8,71591.5
15,2083,1196067.9,67718.7
15,2084,1198173.6,63210.9
15,2085,1192043.6,57365.8
15,2086,1180611,49441
15,2087,1187062.5,47186.2
15,2088,1185280,43703.3
15,2089,1189465.8,39335.6
15,2090,1186864.4,32507.4
15,2091,1192737.8,31803.3
15,2092,1190731.2,31200
15,2093,1172573.5,30301.2
15,2094,1174662.6,22669.8
15,2095,1164214.8,18216.6
15,2096,1169999,16997
15,2097,1173883.4,16997
15,2098,1167397.1,16652
15,2099,1172940,15458.2
15,2100,1161352.1,15458.2
15,2101,1157365,15163.1
15,2102,1175769.1,14191.8
15,2103,1177666.2,11879.9
15,2104,1170384.6,11879.9
15,2105,1182229.9,11558.1
15,2106,1162876.1,11558.1
15,2107,1160275.1,11055.8
15,2108,1153377,11055.8
15,2109,1135912.9,10799.4
15,2110,1133621.8,5942.7
15,2111,1125353.9,4986.3
15,2112,1130081.9,4438.7
15,2113,1132992.6,4438.7
15,2114,1128488,4438.7
15,2115,1143907.1,3599.1
15,2116,1139933.4,3277.2
15,2117,1142710.4,3254.3
15,2118,1132986.5,3254.3
15,2119,1135417.2,11772.1
15,2120,1156989.1,10409.7
15,2121,1158996,10276.2
15,2122,1179378.1,9153
15,2123,1171379.4,8566.8
15,2124,1152761,1850.7
15,2125,1160875.2,1635.8
15,2126,1164239.4,1614
15,2127,1154848.4,1614
15,2128,1183409.1,1614
15,2129,1173869.5,1614
15,2130,1199433.2,49419
15,2131,1201095.6,51491.9
15,2132,1201443.1,54939.8
15,2133,1205472,57089.4
15,2134,1208591.1,61910.7
15,2135,1209748,63441.6
15,2136,1207643.2,64503.8
15,2137,1213152.2,69741
15,2138,1198053.1,69239
15,2139,1229965.8,77950.8
15,2140,1229889.6,76650.9
15,2141,1227061.4,78720.8
15,2142,1209867.6,73367.9
15,2143,1195389,69042.7
15,2144,1201787.6,66474.9
15,2145,1197005.4,62390.1
15,2146,1189632.6,58842.8
15,2147,1186606.8,57148.2
15,2148,1184570.5,53054.3
15,2149,1186536.2,51218.3
15,2150,1197103,48176.5
15,2151,1182519.2,119989.6
15,2152,1179360.1,122218.4
15,2153,1226905.9,141931.7
15,2154,1225057.4,154100.1
15,2155,1233936.1,171564.1
15,2156,1229285.1,180990.5
15,2157,1231741.9,186342
15,2158,1223862.2,197413.5
15,2159,1209756.2,202531.8
15,2160,1205538.1,207641.9
15,2161,1197355,211857.7
15,2162,1230295.1,236809.5
15,2163,1228327.8,240024.6
15,2164,1220356.9,236628.6
15,2165,1240720.5,247829.5
15,2166,1239981,242895.2
15,2167,1247020.2,254392.7
15,2168,1249599.9,254202.8
15,2169,1223888.8,237694.3
15,2170,1210097,225615.4
15,2171,1193383.6,216192.4
15,2172,1182113,208318.2
15,2173,1175128.6,198241.8
15,2174,1192729.4,205220.4
15,2175,1178388.1,185091.2
15,2176,1161207.1,168122.3
15,2177,1141315.6,147974.3
15,2178,1125511,135938.6
15,2179,1117709.2,121547.5
15,2180,1125388.9,114293.9
15,2181,1126234,111885.6
15,2182,1117943.8,101908.8
15,2183,1125272.2,93769.1
15,2184,1121269.9,86542.1
15,2185,1117733,75699.1
15,2186,1122521.1,62377.4
15,2187,1147646.1,56844.2
15,2188,1152958,45229.7
15,2189,1151822.5,45229.7
15,2190,1160591.1,35962.1
15,2191,1160081.1,32596.7
15,2192,1155525.4,30210.9
15,2193,1174187.8,20442.4
15,2194,1172411.9,18973.9
15,2195,1173712.4,18278.6
15,2196,1175946.6,16968
15,2197,1176796.2,16419.4
15,2198,1174969.8,15934.9
15,2199,1172566.1,15879.8
15,2200,1172185.6,15879.8
15,2201,1177698.9,12813.4
15,2202,1160060.2,12298.5
15,2203,1159310,11189.6
15,2204,1159598.6,11073.6
15,2205,1166722.9,10952.7
15,2206,1158728,10952.7
15,2207,1155745,10952.7
15,2208,1145167.8,10952.7
15,2209,1168693.2,78905.9
15,2210,1174993.6,78715.8
15,2211,1163296.5,71700.4
15,2212,1170684.1,70479.3
15,2213,1172882,67353.9
15,2214,1202635.4,65430
15,2215,1242119,66407.1
15,2216,1275436.1,64981.6
15,2217,1276636.6,60412.7
15,2218,1299143.8,57350.5
15,2219,1306800.2,54664.4
15,2220,1314495.8,52683.6
15,2221,1312584.2,48434.8
15,2222,1309424.2,48053
15,2223,1303864.9,42194.2
15,2224,1301941.6,39692.1
15,2225,1287634.5,35658.5
15,2226,1275703.9,72066.6
15,2227,1260515.1,63946.6
15,2228,1264855.4,62647.4
15,2229,1256143.1,57044
15,2230,1241543.2,51002.7
15,2231,1232237.5,44776.8
15,2232,1230026.5,42936
15,2233,1228468,42329.4
15,2234,1211797.2,42390.4
15,2235,1205192.1,41907.3
15,2236,1197265.1,35542.9
15,2237,1196310.4,35542.9
15,2238,1226894,34416.4
15,2239,1233460.9,31031.5
15,2240,1229902,27548.8
15,2241,1228871.1,26706.7
15,2242,1229966.2,21810.1
15,2243,1225655.8,90773.7
15,2244,1288411.4,105784.4
15,2245,1274942.9,110752.9
15,2246,1258880.4,112519
15,2247,1257502.2,120664.9
15,2248,1263503.5,129474.2
15,2249,1264583.8,141871.8
15,2250,1256216,144910.5
15,2251,1251614.8,139440.5
15,2252,1233733.1,132652.5
15,2253,1228970.9,129436.4
15,2254,1221332.4,130597.2
15,2255,1215974.5,127860.7
15,2256,1200168.4,120455.1
15,2257,1196452.2,116445
15,2258,1191538.5,109863.8
15,2259,1188323,105097.3
15,2260,1206649.4,103086.2
15,2261,1207454.4,100271.9
15,2262,1200074.6,95527.7
15,2263,1198349.1,93570.4
15,2264,1193695.2,88863.4
15,2265,1181915.2,81386.5
15,2266,1182635.2,78173.8
15,2267,1204207.9,78627.2
15,2268,1207453,71563.3
15,2269,1232236.1,66198.1
15,2270,1227497.4,61871.7
15,2271,1236411.9,60334.5
15,2272,1229669.5,52162.2
15,2273,1224837.9,51550.7
15,2274,1229176.4,51550.7
15,2275,1218668.5,50994.1
15,2276,1201636.1,46857
15,2277,1222525.2,46227.8
15,2278,1218895.6,42861.4
15,2279,1218916.5,37370.1
15,2280,1205670.1,29799
15,2281,1177494.4,29201.6
15,2282,1170710.5,29103
15,2283,1149894,29103
15,2284,1139267.1,29053.1
15,2285,1138095.1,23410.2
15,2286,1136328.9,23410.2
15,2287,1128951.5,22246.7
15,2288,1117158.8,22246.7
15,2289,1125296,18121.6
15,2290,1142613.1,16197.9
15,2291,1141379.2,16197.9
15,2292,1137758.9,16197.9
15,2293,1134513,16197.9
15,2294,1128684.4,15607.2
15,2295,1122120.6,13423.3
15,2296,1112826.2,13423.3
15,2297,1108012.9,13423.3
15,2298,1112038,9744
15,2299,1119384.1,7994.8
15,2300,1130432.1,7994.8
15,2301,1119258.1,7994.8
15,2302,1110072.9,7862.9
15,2303,1111674,6234.3
15,2304,1100477.9,6234.3
15,2305,1098560.4,6234.3
15,2306,1127929.8,5025
15,2307,1120750,5025
15,2308,1122395.4,4893.8
15,2309,1127467.1,4504.5
15,2310,1124819.6,4358.3
15,2311,1127374,4215.8
15,2312,1125258.5,4215.8
15,2313,1147481.5,2737.1
15,2314,1144779,2737.1
15,2315,1134212.2,2737.1
15,2316,1139015.5,2582.9
15,2317,1134814.4,44565
15,2318,1128925.2,43357.6
15,2319,1159861.5,44978.3
15,2320,1162199.5,47512.8
15,2321,1178837.1,51002.1
15,2322,1172575.2,53852.6
15,2323,1169696.6,51565.1
15,2324,1182407.9,53375.9
15,2325,1185663.5,52939
15,2326,1186420.8,50932.3
15,2327,1185936.1,48119.7
15,2328,1184680.4,43887
15,2329,1198671.8,42288.1
15,2330,1210365.5,106577.5
15,2331,1201330.2,114043.3
15,2332,1236870.9,130662.7
15,2333,1233985.2,144890.6
15,2334,1228575.6,160455.2
15,2335,1230358.1,166059.5
15,2336,1243907.5,186540.4
15,2337,1241345.1,192828.6
15,2338,1229925.2,200734.4
15,2339,1235413.4,203762.6
15,2340,1250466,222312.9
15,2341,1244373,228014.1
15,2342,1266616.8,244956.2
15,2343,1274803.5,267647.8
15,2344,1271546.5,274882.2
15,2345,1280429.2,285905.4
15,2346,1286461.6,298609.3
15,2347,1281630.8,302371.2
15,2348,1290933.2,307328.3
15,2349,1295922.2,310788.4
15,2350,1293530.6,302968.9
15,2351,1288296.4,292848.4
15,2352,1299150.1,300098.8
15,2353,1282136.8,284779.5
15,2354,1261187.6,265712.2
15,2355,1244190.4,249002.4
15,2356,1237373.1,238610.3
15,2357,1260654.1,236749.7
15,2358,1243017.1,218471.4
15,2359,1243696.4,212549.3
15,2360,1235464.6,196032
15,2361,1212490.9,173189
15,2362,1223099.6,159817.9
15,2363,1207006,137294.3
15,2364,1206821,123817.9
15,2365,1199865.4,115100.1
15,2366,1232423.9,112656.7
15,2367,1230484.4,99493.1
15,2368,1227024.9,87175.4
15,2369,1211002.1,78423.8
15,2370,1209748.1,72326.6
15,2371,1214186.9,70567.5
15,2372,1210746.1,60222.2
15,2373,1220809.5,46112.3
15,2374,1217732.5,45612.5
15,2375,1209032.9,45612.5
15,2376,1214174.1,43608.1
15,2377,1247068.4,38150.2
15,2378,1252952.1,38150.2
15,2379,1252742.4,35117.3
15,2380,1259589.8,27284.4
15,2381,1264849,24459.1
15,2382,1261910.5,24459.1
15,2383,1258638.4,21544.9
15,2384,1256853.1,14270.8
15,2385,1270248.5,167730.7
15,2386,1294413.6,182279.1
15,2387,1299976,187495.5
15,2388,1296486.9,190653.9
15,2389,1285694.4,197662.6
15,2390,1256705.8,191604.9
15,2391,1297333.6,209956.5
15,2392,1298582.8,215197.1
15,2393,1287831.9,211813.6
15,2394,1289978.4,214891
15,2395,1297484.4,218750.6
15,2396,1297210.5,214352.7
15,2397,1310801.5,213847.2
15,2398,1300400.2,199849.7
15,2399,1281453.8,187009
15,2400,1255675.4,162837.2
15,2401,1251548.9,153902.3
15,2402,1238671.9,136552.2
15,2403,1247126,133279.8
15,2404,1228350.4,121933
15,2405,1216963.9,110401.3
15,2406,1209692.2,109194.5
15,2407,1219336.5,109194.5
15,2408,1222566.4,107954
15,2409,1216189.6,94506.4
15,2410,1202836.2,83641.6
15,2411,1191426,79965.8
15,2412,1189696.4,72173
15,2413,1179613.6,70749.7
15,2414,1185473.9,63612.2
15,2415,1170490.8,53002.7
15,2416,1176421.9,45904.2
15,2417,1174002.8,36539.5
15,2418,1203242.6,33920.8
15,2419,1205150.6,26285.2
15,2420,1206825.4,25917.5
15,2421,1197486,23529.3
15,2422,1195851.2,21544.1
15,2423,1193767.1,20930
15,2424,1237930.8,20930
15,2425,1238004.1,20492.2
15,2426,1228699.9,19592.8
15,2427,1231305,14765
15,2428,1236679.5,14765
15,2429,1234110.8,14765
15,2430,1244496.2,10716.2
15,2431,1233931.8,10716.2
15,2432,1230112.8,10716.2
15,2433,1220611.8,10716.2
15,2434,1224523,9239.3
15,2435,1222721.5,9089.8
15,2436,1253506.8,5232.3
15,2437,1248130,5232.3
15,2438,1260757.6,4158.3
15,2439,1253121.5,3979.1
15,2440,1257622.4,60309.7
15,2441,1249189.8,58821.6
15,2442,1242582.4,58516.8
15,2443,1244709.5,59465
15,2444,1252735.1,61558.1
15,2445,1250537.4,57372.5
15,2446,1267240.6,56588.8
15,2447,1281148.4,54277.3
15,2448,1310997,51766.5
15,2449,1294885,45486.3
15,2450,1333354.5,43659.3
15,2451,1330878.2,156581.5
15,2452,1336378,174077.6
15,2453,1328467.5,179425.6
15,2454,1322657.8,193653.4
15,2455,1325177.2,206152.1
15,2456,1344803.1,232330.7
15,2457,1324436.2,240288.9
15,2458,1332941.4,250247.4
15,2459,1332642.6,263651.2
15,2460,1323511.1,280575.5
15,2461,1318509.9,302368.3
15,2462,1353988,325000.1
15,2463,1354394.2,334071.6
15,2464,1351665.4,334306.7
15,2465,1351515,342650.9
15,2466,1332768,332762.3
15,2467,1305767.1,312339.3
15,2468,1299183.2,301924.1
15,2469,1288614.4,286989.7
15,2470,1297541.8,304275.2
15,2471,1296895.6,311038.1
15,2472,1301348.6,310704.9
15,2473,1304971.1,314258.7
15,2474,1310558.9,320430.5
15,2475,1319789.9,331828.3
15,2476,1313287.1,318589.2
15,2477,1317408.8,319165.8
15,2478,1339968.9,326694.7
15,2479,1348843.5,323255.8
15,2480,1373897.6,325729.1
15,2481,1365844.6,306742.3
15,2482,1365704.2,296416
15,2483,1366589.1,280826.7
15,2484,1360619.8,271329.3
15,2485,1360579.6,252695
15,2486,1360326,248421.3
15,2487,1357546.2,243606.6
15,2488,1366078.2,241820.4
15,2489,1333845.1,202925.9
15,2490,1313949.8,179182.5
15,2491,1354473.9,176985.2
15,2492,1341185.6,176062.3
15,2493,1341704.5,171497.2
15,2494,1349920.5,166951.6
15,2495,1360225,167057.8
15,2496,1341545.4,163772.6
15,2497,1353195.4,163827.9
15,2498,1337784.9,147529.1
15,2499,1309569.8,130421.7
15,2500,1296613.4,130421.7
16,2000,1200767.5,10543.1
16,2001,1216859.9,9020.8
16,2002,1220017.4,51441.8
16,2003,1229424.8,52197.1
16,2004,1217179.5,48118.7
16,2005,1247658.1,50401.8
16,2006,1253027.8,51099.8
16,2007,1260633.6,49699.1
16,2008,1254931.8,45910.5
16,2009,1259835.4,44725.2
16,2010,1249437.9,40996.8
16,2011,1225930.1,34716.6
16,2012,1214654.1,29707
16,2013,1212730,28679.1
16,2014,1200864.4,26348
16,2015,1206331.4,25045.2
16,2016,1210441,42197
16,2017,1202304.2,41516.7
16,2018,1208946.4,38481.6
16,2019,1251236.9,93366.2
16,2020,1252887,97911.1
16,2021,1268410.8,108985.4
16,2022,1278552.6,110549.3
16,2023,1277768.5,114961.4
16,2024,1283050.6,120037
16,2025,1299361.8,123363.3
16,2026,1283206.1,118693.5
16,2027,1284445.9,123704.4
16,2028,1335673.2,136681.1
16,2029,1318444.5,133848.9
16,2030,1329768.1,138711.6
16,2031,1318725.4,134313.9
16,2032,1328787.8,129863.4
16,2033,1296064,117138.8
16,2034,1283808.1,110225.1
16,2035,1278756.2,105907.7
16,2036,1270294.2,103048.4
16,2037,1296163.4,102296.5
16,2038,1266286.9,90210.2
16,2039,1260509.9,86197.6
16,2040,1262022.5,84610.7
16,2041,1263683.4,80320.6
16,2042,1268007.6,75802.7
16,2043,1256020,74779.3
16,2044,1250793.5,73833.8
16,2045,1234003.1,67519.3
16,2046,1229568.8,67196.1
16,2047,1220419,60662.1
16,2048,1234072.5,56900.7
16,2049,1224179,50583.9
16,2050,1211390.6,59574.1
16,2051,1225101.5,54560.8
16,2052,1222385.5,52672
16,2053,1213928.8,46810.8
16,2054,1207345.6,41570.5
16,2055,1204181.2,39388.7
16,2056,1215316,35819.4
16,2057,1225289.5,32191.2
16,2058,1218413.1,28899.1
16,2059,1215896,23459
16,2060,1212683.2,22708.4
16,2061,1209916.6,21608.7
16,2062,1218856.6,20439.4
16,2063,1216887.5,19952
16,2064,1218316.4,19587.1
16,2065,1232841.5,104612.6
16,2066,1235950.5,109630.9
16,2067,1238201.5,115638.9
16,2068,1230195.1,117130
16,2069,1234570.4,121398.8
16,2070,1220235.6,118649.4
16,2071,1225148.9,117980.8
16,2072,1228531.2,116923.5
16,2073,1259381.5,121534.3
16,2074,1256740.6,115840.9
16,2075,1246303.5,111260.1
16,2076,1245225.2,110194.8
16,2077,1232007.6,101559.9
16,2078,1221598.8,94345.3
16,2079,1215585.5,88595.9
16,2080,1211298.6,81289.4
16,2081,1202502,74235.5
16,2082,1207459.8,71591.5
16,2083,1196067.9,67718.7
16,2084,1198173.6,63210.9
16,2085,1192043.6,57365.8
16,2086,1180611,49441
16,2087,1187062.5,47186.2
16,2088,1185280,43703.3
16,2089,1189465.8,39335.6
16,2090,1186864.4,32507.4
16,2091,1192737.8,31803.3
16,2092,1190731.2,31200
16,2093,1172573.5,30301.2
16,2094,1174662.6,22669.8
16,2095,1164214.8,18216.6
16,2096,1169999,16997
16,2097,1173883.4,16997
16,2098,1167397.1,16652
16,2099,1172940,15458.2
16,2100,1161352.1,15458.2
16,2101,1157365,15163.1
16,2102,1175769.1,14191.8
16,2103,1177666.2,11879.9
16,2104,1170384.6,11879.9
16,2105,1182229.9,11558.1
16,2106,1162876.1,11558.1
16,2107,1160275.1,11055.8
16,2108,1153377,11055.8
16,2109,1135912.9,10799.4
16,2110,1133621.8,5942.7
16,2111,1125353.9,4986.3
16,2112,1130081.9,4438.7
16,2113,1132992.6,4438.7
16,2114,1128488,4438.7
16,2115,1143907.1,3599.1
16,2116,1139933.4,3277.2
16,2117,1142710.4,3254.3
16,2118,1132986.5,3254.3
16,2119,1135417.2,11772.1
16,2120,1156989.1,10409.7
16,2121,1158996,10276.2
16,2122,1179378.1,9153
16,2123,1171379.4,8566.8
16,2124,1152761,1850.7
16,2125,1160875.2,1635.8
16,2126,1164239.4,1614
16,2127,1154848.4,1614
16,2128,1183409.1,1614
16,2129,1173869.5,1614
16,2130,1199433.2,49419
16,2131,1201095.6,51491.9
16,2132,1201443.1,54939.8
16,2133,1205472,57089.4
16,2134,1208591.1,61910.7
16,2135,1209748,63441.6
16,2136,1207643.2,64503.8
16,2137,1213152.2,69741
16,2138,1198053.1,69239
16,2139,1229965.8,77950.8
16,2140,1229889.6,76650.9
16,2141,1227061.4,78720.8
16,2142,1209867.6,73367.9
16,2143,1195389,69042.7
16,2144,1201787.6,66474.9
16,2145,1197005.4,62390.1
16,2146,1189632.6,58842.8
16,2147,1186606.8,57148.2
16,2148,1184570.5,53054.3
16,2149,1186536.2,51218.3
16,2150,1197103,48176.5
16,2151,1182519.2,119989.6
16,2152,1179360.1,122218.4
16,2153,1226905.9,141931.7
16,2154,1225057.4,154100.1
16,2155,1233936.1,171564.1
16,2156,1229285.1,180990.5
16,2157,1231741.9,186342
16,2158,1223862.2,197413.5
16,2159,1209756.2,202531.8
16,2160,1205538.1,207641.9
16,2161,1197355,211857.7
16,2162,1230295.1,236809.5
16,2163,1228327.8,240024.6
16,2164,1220356.9,236628.6
16,2165,1240720.5,247829.5
16,2166,1239981,242895.2
16,2167,1247020.2,254392.7
16,2168,1249599.9,254202.8
16,2169,1223888.8,237694.3
16,2170,1210097,225615.4
16,2171,1193383.6,216192.4
16,2172,1182113,208318.2
16,2173,1175128.6,198241.8
16,2174,1192729.4,205220.4
16,2175,1178388.1,185091.2
16,2176,1161207.1,168122.3
16,2177,1141315.6,147974.3
16,2178,1125511,135938.6
16,2179,1117709.2,121547.5
16,2180,1125388.9,114293.9
16,2181,1126234,111885.6
16,2182,1117943.8,101908.8
16,2183,1125272.2,93769.1
16,2184,1121269.9,86542.1
16,2185,1117733,75699.1
16,2186,1122521.1,62377.4
16,2187,1147646.1,56844.2
16,2188,1152958,45229.7
16,2189,1151822.5,45229.7
16,2190,1160591.1,35962.1
16,2191,1160081.1,32596.7
16,2192,1155525.4,30210.9
16,2193,1174187.8,20442.4
16,2194,1172411.9,18973.9
16,2195,1173712.4,18278.6
16,2196,1175946.6,16968
16,2197,1176796.2,16419.4
16,2198,1174969.8,15934.9
16,2199,1172566.1,15879.8
16,2200,1172185.6,15879.8
16,2201,1177698.9,12813.4
16,2202,1160060.2,12298.5
16,2203,1159310,11189.6
16,2204,1159598.6,11073.6
16,2205,1166722.9,10952.7
16,2206,1158728,10952.7
16,2207,1155745,10952.7
16,2208,1145167.8,10952.7
16,2209,1168693.2,78905.9
16,2210,1174993.6,78715.8
16,2211,1163296.5,71700.4
16,2212,1170684.1,70479.3
16,2213,1172882,67353.9
16,2214,1202635.4,65430
16,2215,1242119,66407.1
16,2216,1275436.1,64981.6
16,2217,1276636.6,60412.7
16,2218,1299143.8,57350.5
16,2219,1306800.2,54664.4
16,2220,1314495.8,52683.6
16,2221,1312584.2,48434.8
16,2222,1309424.2,48053
16,2223,1303864.9,42194.2
16,2224,1301941.6,39692.1
16,2225,1287634.5,35658.5
16,2226,1275703.9,72066.6
16,2227,1260515.1,63946.6
16,2228,1264855.4,62647.4
16,2229,1256143.1,57044
16,2230,1241543.2,51002.7
16,2231,1232237.5,44776.8
16,2232,1230026.5,42936
16,2233,1228468,42329.4
16,2234,1211797.2,42390.4
16,2235,1205192.1,41907.3
16,2236,1197265.1,35542.9
16,2237,1196310.4,35542.9
16,2238,1226894,34416.4
16,2239,1233460.9,31031.5
16,2240,1229902,27548.8
16,2241,1228871.1,26706.7
16,2242,1229966.2,21810.1
16,2243,1225655.8,90773.7
16,2244,1288411.4,105784.4
16,2245,1274942.9,110752.9
16,2246,1258880.4,112519
16,2247,1257502.2,120664.9
16,2248,1263503.5,129474.2
16,2249,1264583.8,141871.8
16,2250,1256216,144910.5
16,2251,1251614.8,139440.5
16,2252,1233733.1,132652.5
16,2253,1228970.9,129436.4
16,2254,1221332.4,130597.2
16,2255,1215974.5,127860.7
16,2256,1200168.4,120455.1
16,2257,1196452.2,116445
16,2258,1191538.5,109863.8
16,2259,1188323,105097.3
16,2260,1206649.4,103086.2
16,2261,1207454.4,100271.9
16,2262,1200074.6,95527.7
16,2263,1198349.1,93570.4
16,2264,1193695.2,88863.4
16,2265,1181915.2,81386.5
16,2266,1182635.2,78173.8
16,2267,1204207.9,78627.2
16,2268,1207453,71563.3
16,2269,1232236.1,66198.1
16,2270,1227497.4,61871.7
16,2271,1236411.9,60334.5
16,2272,1229669.5,52162.2
16,2273,1224837.9,51550.7
16,2274,1229176.4,51550.7
16,2275,1218668.5,50994.1
16,2276,1201636.1,46857
16,2277,1222525.2,46227.8
16,2278,1218895.6,42861.4
16,2279,1218916.5,37370.1
16,2280,1205670.1,29799
16,2281,1177494.4,29201.6
16,2282,1170710.5,29103
16,2283,1149894,29103
16,2284,1139267.1,29053.1
16,2285,1138095.1,23410.2
16,2286,1136328.9,23410.2
16,2287,1128951.5,22246.7
16,2288,1117158.8,22246.7
16,2289,1125296,18121.6
16,2290,1142613.1,16197.9
16,2291,1141379.2,16197.9
16,2292,1137758.9,16197.9
16,2293,1134513,16197.9
16,2294,1128684.4,15607.2
16,2295,1122120.6,13423.3
16,2296,1112826.2,13423.3
16,2297,1108012.9,13423.3
16,2298,1112038,9744
16,2299,1119384.1,7994.8
16,2300,1130432.1,7994.8
16,2301,1119258.1,7994.8
16,2302,1110072.9,7862.9
16,2303,1111674,6234.3
16,2304,1100477.9,6234.3
16,2305,1098560.4,6234.3
16,2306,1127929.8,5025
16,2307,1120750,5025
16,2308,1122395.4,4893.8
16,2309,1127467.1,4504.5
16,2310,1124819.6,4358.3
16,2311,1127374,4215.8
16,2312,1125258.5,4215.8
16,2313,1147481.5,2737.1
16,2314,1144779,2737.1
16,2315,1134212.2,2737.1
16,2316,1139015.5,2582.9
16,2317,1134814.4,44565
16,2318,1128925.2,43357.6
16,2319,1159861.5,44978.3
16,2320,1162199.5,47512.8
16,2321,1178837.1,51002.1
16,2322,1172575.2,53852.6
16,2323,1169696.6,51565.1
16,2324,1182407.9,53375.9
16,2325,1185663.5,52939
16,2326,1186420.8,50932.3
16,2327,1185936.1,48119.7
16,2328,1184680.4,43887
16,2329,1198671.8,42288.1
16,2330,1210365.5,106577.5
16,2331,1201330.2,114043.3
16,2332,1236870.9,130662.7
16,2333,1233985.2,144890.6
16,2334,1228575.6,160455.2
16,2335,1230358.1,166059.5
16,2336,1243907.5,186540.4
16,2337,1241345.1,192828.6
16,2338,1229925.2,200734.4
16,2339,1235413.4,203762.6
16,2340,1250466,222312.9
16,2341,1244373,228014.1
16,2342,1266616.8,244956.2
16,2343,1274803.5,267647.8
16,2344,1271546.5,274882.2
16,2345,1280429.2,285905.4
16,2346,1286461.6,298609.3
16,2347,1281630.8,302371.2
16,2348,1290933.2,307328.3
16,2349,1295922.2,310788.4
16,2350,1293530.6,302968.9
16,2351,1288296.4,292848.4
16,2352,1299150.1,300098.8
16,2353,1282136.8,284779.5
16,2354,1261187.6,265712.2
16,2355,1244190.4,249002.4
16,2356,1237373.1,238610.3
16,2357,1260654.1,236749.7
16,2358,1243017.1,218471.4
16,2359,1243696.4,212549.3
16,2360,1235464.6,196032
16,2361,1212490.9,173189
16,2362,1223099.6,159817.9
16,2363,1207006,137294.3
16,2364,1206821,123817.9
16,2365,1199865.4,115100.1
16,2366,1232423.9,112656.7
16,2367,1230484.4,99493.1
16,2368,1227024.9,87175.4
16,2369,1211002.1,78423.8
16,2370,1209748.1,72326.6
16,2371,1214186.9,70567.5
16,2372,1210746.1,60222.2
16,2373,1220809.5,46112.3
16,2374,1217732.5,45612.5
16,2375,1209032.9,45612.5
16,2376,1214174.1,43608.1
16,2377,1247068.4,38150.2
16,2378,1252952.1,38150.2
16,2379,1252742.4,35117.3
16,2380,1259589.8,27284.4
16,2381,1264849,24459.1
16,2382,1261910.5,24459.1
16,2383,1258638.4,21544.9
16,2384,1256853.1,14270.8
16,2385,1270248.5,167730.7
16,2386,1294413.6,182279.1
16,2387,1299976,187495.5
16,2388,1296486.9,190653.9
16,2389,1285694.4,197662.6
16,2390,1256705.8,191604.9
16,2391,1297333.6,209956.5
16,2392,1298582.8,215197.1
16,2393,1287831.9,211813.6
16,2394,1289978.4,214891
16,2395,1297484.4,218750.6
16,2396,1297210.5,214352.7
16,2397,1310801.5,213847.2
16,2398,1300400.2,199849.7
16,2399,1281453.8,187009
16,2400,1255675.4,162837.2
16,2401,1251548.9,153902.3
16,2402,1238671.9,136552.2
16,2403,1247126,133279.8
16,2404,1228350.4,121933
16,2405,1216963.9,110401.3
16,2406,1209692.2,109194.5
16,2407,1219336.5,109194.5
16,2408,1222566.4,107954
16,2409,1216189.6,94506.4
16,2410,1202836.2,83641.6
16,2411,1191426,79965.8
16,2412,1189696.4,72173
16,2413,1179613.6,70749.7
16,2414,1185473.9,63612.2
16,2415,1170490.8,53002.7
16,2416,1176421.9,45904.2
16,2417,1174002.8,36539.5
16,2418,1203242.6,33920.8
16,2419,1205150.6,26285.2
16,2420,1206825.4,25917.5
16,2421,1197486,23529.3
16,2422,1195851.2,21544.1
16,2423,1193767.1,20930
16,2424,1237930.8,20930
16,2425,1238004.1,20492.2
16,2426,1228699.9,19592.8
16,2427,1231305,14765
16,2428,1236679.5,14765
16,2429,1234110.8,14765
16,2430,1244496.2,10716.2
16,2431,1233931.8,10716.2
16,2432,1230112.8,10716.2
16,2433,1220611.8,10716.2
16,2434,1224523,9239.3
16,2435,1222721.5,9089.8
16,2436,1253506.8,5232.3
16,2437,1248130,5232.3
16,2438,1260757.6,4158.3
16,2439,1253121.5,3979.1
16,2440,1257622.4,60309.7
16,2441,1249189.8,58821.6
16,2442,1242582.4,58516.8
16,2443,1244709.5,59465
16,2444,1252735.1,61558.1
16,2445,1250537.4,57372.5
16,2446,1267240.6,56588.8
16,2447,1281148.4,54277.3
16,2448,1310997,51766.5
16,2449,1294885,45486.3
16,2450,1333354.5,43659.3
16,2451,1330878.2,156581.5
16,2452,1336378,174077.6
16,2453,1328467.5,179425.6
16,2454,1322657.8,193653.4
16,2455,1325177.2,206152.1
16,2456,1344803.1,232330.7
16,2457,1324436.2,240288.9
16,2458,1332941.4,250247.4
16,2459,1332642.6,263651.2
16,2460,1323511.1,280575.5
16,2461,1318509.9,302368.3
16,2462,1353988,325000.1
16,2463,1354394.2,334071.6
16,2464,1351665.4,334306.7
16,2465,1351515,342650.9
16,2466,1332768,332762.3
16,2467,1305767.1,312339.3
16,2468,1299183.2,301924.1
16,2469,1288614.4,286989.7
16,2470,1297541.8,304275.2
16,2471,1296895.6,311038.1
16,2472,1301348.6,310704.9
16,2473,1304971.1,314258.7
16,2474,1310558.9,320430.5
16,2475,1319789.9,331828.3
16,2476,1313287.1,318589.2
16,2477,1317408.8,319165.8
16,2478,1339968.9,326694.7
16,2479,1348843.5,323255.8
16,2480,1373897.6,325729.1
16,2481,1365844.6,306742.3
16,2482,1365704.2,296416
16,2483,1366589.1,280826.7
16,2484,1360619.8,271329.3
16,2485,1360579.6,252695
16,2486,1360326,248421.3
16,2487,1357546.2,243606.6
16,2488,1366078.2,241820.4
16,2489,1333845.1,202925.9
16,2490,1313949.8,179182.5
16,2491,1354473.9,176985.2
16,2492,1341185.6,176062.3
16,2493,1341704.5,171497.2
16,2494,1349920.5,166951.6
16,2495,1360225,167057.8
16,2496,1341545.4,163772.6
16,2497,1353195.4,163827.9
16,2498,1337784.9,147529.1
16,2499,1309569.8,130421.7
16,2500,1296613.4,130421.7
17,2000,1200767.5,10543.1
17,2001,1216859.9,9020.8
17,2002,1220017.4,51441.8
17,2003,1229424.8,52197.1
17,2004,1217179.5,48118.7
17,2005,1247658.1,50401.8
17,2006,1253027.8,51099.8
17,2007,1260633.6,49699.1
17,2008,1254931.8,45910.5
17,2009,1259835.4,44725.2
17,2010,1249437.9,40996.8
17,2011,1225930.1,34716.6
17,2012,1214654.1,29707
17,2013,1212730,28679.1
17,2014,1200864.4,26348
17,2015,1206331.4,25045.2
17,2016,1210441,42197
17,2017,1202304.2,41516.7
17,2018,1208946.4,38481.6
17,2019,1251236.9,93366.2
17,2020,1252887,97911.1
17,2021,1268410.8,108985.4
17,2022,1278552.6,110549.3
17,2023,1277768.5,114961.4
17,2024,1283050.6,120037
17,2025,1299361.8,123363.3
17,2026,1283206.1,118693.5
17,2027,1284445.9,123704.4
17,2028,1335673.2,136681.1
17,2029,1318444.5,133848.9
17,2030,1329768.1,138711.6
17,2031,1318725.4,134313.9
17,2032,1328787.8,129863.4
17,2033,1296064,117138.8
17,2034,1283808.1,110225.1
17,2035,1278756.2,105907.7
17,2036,1270294.2,103048.4
17,2037,1296163.4,102296.5
17,2038,1266286.9,90210.2
17,2039,1260509.9,86197.6
17,2040,1262022.5,84610.7
17,2041,1263683.4,80320.6
17,2042,1268007.6,75802.7
17,2043,1256020,74779.3
17,2044,1250793.5,73833.8
17,2045,1234003.1,67519.3
17,2046,1229568.8,67196.1
17,2047,1220419,60662.1
17,2048,1234072.5,56900.7
17,2049,1224179,50583.9
17,2050,1211390.6,59574.1
17,2051,1225101.5,54560.8
17,2052,1222385.5,52672
17,2053,1213928.8,46810.8
17,2054,1207345.6,41570.5
17,2055,1204181.2,39388.7
17,2056,1215316,35819.4
17,2057,1225289.5,32191.2
17,2058,1218413.1,28899.1
17,2059,1215896,23459
17,2060,1212683.2,22708.4
17,2061,1209916.6,21608.7
17,2062,1218856.6,20439.4
17,2063,1216887.5,19952
17,2064,1218316.4,19587.1
17,2065,1232841.5,104612.6
17,2066,1235950.5,109630.9
17,2067,1238201.5,115638.9
17,2068,1230195.1,117130
17,2069,1234570.4,121398.8
17,2070,1220235.6,118649.4
17,2071,1225148.9,117980.8
17,2072,1228531.2,116923.5
17,2073,1259381.5,121534.3
17,2074,1256740.6,115840.9
17,2075,1246303.5,111260.1
17,2076,1245225.2,110194.8
17,2077,1232007.6,101559.9
17,2078,1221598.8,94345.3
17,2079,1215585.5,88595.9
17,2080,1211298.6,81289.4
17,2081,1202502,74235.5
17,2082,1207459.8,71591.5
17,2083,1196067.9,67718.7
17,2084,1198173.6,63210.9
17,2085,1192043.6,57365.8
17,2086,1180611,49441
17,2087,1187062.5,47186.2
17,2088,1185280,43703.3
17,2089,1189465.8,39335.6
17,2090,1186864.4,32507.4
17,2091,1192737.8,31803.3
17,2092,1190731.2,31200
17,2093,1172573.5,30301.2
17,2094,1174662.6,22669.8
17,2095,1164214.8,18216.6
17,2096,1169999,16997
17,2097,1173883.4,16997
17,2098,1167397.1,16652
17,2099,1172940,15458.2
17,2100,1161352.1,15458.2
17,2101,1157365,15163.1
17,2102,1175769.1,14191.8
17,2103,1177666.2,11879.9
17,2104,1170384.6,11879.9
17,2105,1182229.9,11558.1
17,2106,1162876.1,11558.1
17,2107,1160275.1,11055.8
17,2108,1153377,11055.8
17,2109,1135912.9,10799.4
17,2110,1133621.8,5942.7
17,2111,1125353.9,4986.3
17,2112,1130081.9,4438.7
17,2113,1132992.6,4438.7
17,2114,1128488,4438.7
17,2115,1143907.1,3599.1
17,2116,1139933.4,3277.2
17,2117,1142710.4,3254.3
17,2118,1132986.5,3254.3
17,2119,1135417.2,11772.1
17,2120,1156989.1,10409.7
17,2121,1158996,10276.2
17,2122,1179378.1,9153
17,2123,1171379.4,8566.8
17,2124,1152761,1850.7
17,2125,1160875.2,1635.8
17,2126,1164239.4,1614
17,2127,1154848.4,1614
17,2128,1183409.1,1614
17,2129,1173869.5,1614
17,2130,1199433.2,49419
17,2131,1201095.6,51491.9
17,2132,1201443.1,54939.8
17,2133,1205472,57089.4
17,2134,1208591.1,61910.7
17,2135,1209748,63441.6
17,2136,1207643.2,64503.8
17,2137,1213152.2,69741
17,2138,1198053.1,69239
17,2139,1229965.8,77950.8
17,2140,1229889.6,76650.9
17,2141,1227061.4,78720.8
17,2142,1209867.6,73367.9
17,2143,1195389,69042.7
17,2144,1201787.6,66474.9
17,2145,1197005.4,62390.1
17,2146,1189632.6,58842.8
17,2147,1186606.8,57148.2
17,2148,1184570.5,53054.3
17,2149,1186536.2,51218.3
17,2150,1197103,48176.5
17,2151,1182519.2,119989.6
17,2152,1179360.1,122218.4
17,2153,1226905.9,141931.7
17,2154,1225057.4,154100.1
17,2155,1233936.1,171564.1
17,2156,1229285.1,180990.5
17,2157,1231741.9,186342
17,2158,1223862.2,197413.5
17,2159,1209756.2,202531.8
17,2160,1205538.1,207641.9
17,2161,1197355,211857.7
17,2162,1230295.1,236809.5
17,2163,1228327.8,240024.6
17,2164,1220356.9,236628.6
17,2165,1240720.5,247829.5
17,2166,1239981,242895.2
17,2167,1247020.2,254392.7
17,2168,1249599.9,254202.8
17,2169,1223888.8,237694.3
17,2170,1210097,225615.4
17,2171,1193383.6,216192.4
17,2172,1182113,208318.2
17,2173,1175128.6,198241.8
17,2174,1192729.4,205220.4
17,2175,1178388.1,185091.2
17,2176,1161207.1,168122.3
17,2177,1141315.6,147974.3
17,2178,1125511,135938.6
17,2179,1117709.2,121547.5
17,2180,1125388.9,114293.9
17,2181,1126234,111885.6
17,2182,1117943.8,101908.8
17,2183,1125272.2,93769.1
17,2184,1121269.9,86542.1
17,2185,1117733,75699.1
17,2186,1122521.1,62377.4
17,2187,1147646.1,56844.2
17,2188,1152958,45229.7
17,2189,1151822.5,45229.7
17,2190,1160591.1,35962.1
17,2191,1160081.1,32596.7
17,2192,1155525.4,30210.9
17,2193,1174187.8,20442.4
17,2194,1172411.9,18973.9
17,2195,1173712.4,18278.6
17,2196,1175946.6,16968
17,2197,1176796.2,16419.4
17,2198,1174969.8,15934.9
17,2199,1172566.1,15879.8
17,2200,1172185.6,15879.8
17,2201,1177698.9,12813.4
17,2202,1160060.2,12298.5
17,2203,1159310,11189.6
17,2204,1159598.6,11073.6
17,2205,1166722.9,10952.7
17,2206,1158728,10952.7
17,2207,1155745,10952.7
17,2208,1145167.8,10952.7
17,2209,1168693.2,78905.9
17,2210,1174993.6,78715.8
17,2211,1163296.5,71700.4
17,2212,1170684.1,70479.3
17,2213,1172882,67353.9
17,2214,1202635.4,65430
17,2215,1242119,66407.1
17,2216,1275436.1,64981.6
17,2217,1276636.6,60412.7
17,2218,1299143.8,57350.5
17,2219,1306800.2,54664.4
17,2220,1314495.8,52683.6
17,2221,1312584.2,48434.8
17,2222,1309424.2,48053
17,2223,1303864.9,42194.2
17,2224,1301941.6,39692.1
17,2225,1287634.5,35658.5
17,2226,1275703.9,72066.6
17,2227,1260515.1,63946.6
17,2228,1264855.4,62647.4
17,2229,1256143.1,57044
17,2230,1241543.2,51002.7
17,2231,1232237.5,44776.8
17,2232,1230026.5,42936
17,2233,1228468,42329.4
17,2234,1211797.2,42390.4
17,2235,1205192.1,41907.3
17,2236,1197265.1,35542.9
17,2237,1196310.4,35542.9
17,2238,1226894,34416.4
17,2239,1233460.9,31031.5
17,2240,1229902,27548.8
17,2241,1228871.1,26706.7
17,2242,1229966.2,21810.1
17,2243,1225655.8,90773.7
17,2244,1288411.4,105784.4
17,2245,1274942.9,110752.9
17,2246,1258880.4,112519
17,2247,1257502.2,120664.9
17,2248,1263503.5,129474.2
17,2249,1264583.8,141871.8
17,2250,1256216,144910.5
17,2251,1251614.8,139440.5
17,2252,1233733.1,132652.5
17,2253,1228970.9,129436.4
17,2254,1221332.4,130597.2
17,2255,1215974.5,127860.7
17,2256,1200168.4,120455.1
17,2257,1196452.2,116445
17,2258,1191538.5,109863.8
17,2259,1188323,105097.3
17,2260,1206649.4,103086.2
17,2261,1207454.4,100271.9
17,2262,1200074.6,95527.7
17,2263,1198349.1,93570.4
17,2264,1193695.2,88863.4
17,2265,1181915.2,81386.5
17,2266,1182635.2,78173.8
17,2267,1204207.9,78627.2
17,2268,1207453,71563.3
17,2269,1232236.1,66198.1
17,2270,1227497.4,61871.7
17,2271,1236411.9,60334.5
17,2272,1229669.5,52162.2
17,2273,1224837.9,51550.7
17,2274,1229176.4,51550.7
17,2275,1218668.5,50994.1
17,2276,1201636.1,46857
17,2277,1222525.2,46227.8
17,2278,1218895.6,42861.4
17,2279,1218916.5,37370.1
17,2280,1205670.1,29799
17,2281,1177494.4,29201.6
17,2282,1170710.5,29103
17,2283,1149894,29103
17,2284,1139267.1,29053.1
17,2285,1138095.1,23410.2
17,2286,1136328.9,23410.2
17,2287,1128951.5,22246.7
17,2288,1117158.8,22246.7
17,2289,1125296,18121.6
17,2290,1142613.1,16197.9
17,2291,1141379.2,16197.9
17,2292,1137758.9,16197.9
17,2293,1134513,16197.9
17,2294,1128684.4,15607.2
17,2295,1122120.6,13423.3
17,2296,1112826.2,13423.3
17,2297,1108012.9,13423.3
17,2298,1112038,9744
17,2299,1119384.1,7994.8
17,2300,1130432.1,7994.8
17,2301,1119258.1,7994.8
17,2302,1110072.9,7862.9
17,2303,1111674,6234.3
17,2304,1100477.9,6234.3
17,2305,1098560.4,6234.3
17,2306,1127929.8,5025
17,2307,1120750,5025
17,2308,1122395.4,4893.8
17,2309,1127467.1,4504.5
17,2310,1124819.6,4358.3
17,2311,1127374,4215.8
17,2312,1125258.5,4215.8
17,2313,1147481.5,2737.1
17,2314,1144779,2737.1
17,2315,1134212.2,2737.1
17,2316,1139015.5,2582.9
17,2317,1134814.4,44565
17,2318,1128925.2,43357.6
17,2319,1159861.5,44978.3
17,2320,1162199.5,47512.8
17,2321,1178837.1,51002.1
17,2322,1172575.2,53852.6
17,2323,1169696.6,51565.1
17,2324,1182407.9,53375.9
17,2325,1185663.5,52939
17,2326,1186420.8,50932.3
17,2327,1185936.1,48119.7
17,2328,1184680.4,43887
17,2329,1198671.8,42288.1
17,2330,1210365.5,106577.5
17,2331,1201330.2,114043.3
17,2332,1236870.9,130662.7
17,2333,1233985.2,144890.6
17,2334,1228575.6,160455.2
17,2335,1230358.1,166059.5
17,2336,1243907.5,186540.4
17,2337,1241345.1,192828.6
17,2338,1229925.2,200734.4
17,2339,1235413.4,203762.6
17,2340,1250466,222312.9
17,2341,1244373,228014.1
17,2342,1266616.8,244956.2
17,2343,1274803.5,267647.8
17,2344,1271546.5,274882.2
17,2345,1280429.2,285905.4
17,2346,1286461.6,298609.3
17,2347,1281630.8,302371.2
17,2348,1290933.2,307328.3
17,2349,1295922.2,310788.4
17,2350,1293530.6,302968.9
17,2351,1288296.4,292848.4
17,2352,1299150.1,300098.8
17,2353,1282136.8,284779.5
17,2354,1261187.6,265712.2
17,2355,1244190.4,249002.4
17,2356,1237373.1,238610.3
17,2357,1260654.1,236749.7
17,2358,1243017.1,218471.4
17,2359,1243696.4,212549.3
17,2360,1235464.6,196032
17,2361,1212490.9,173189
17,2362,1223099.6,159817.9
17,2363,1207006,137294.3
17,2364,1206821,123817.9
17,2365,1199865.4,115100.1
17,2366,1232423.9,112656.7
17,2367,1230484.4,99493.1
17,2368,1227024.9,87175.4
17,2369,1211002.1,78423.8
17,2370,1209748.1,72326.6
17,2371,1214186.9,70567.5
17,2372,1210746.1,60222.2
17,2373,1220809.5,46112.3
17,2374,1217732.5,45612.5
17,2375,1209032.9,45612.5
17,2376,1214174.1,43608.1
17,2377,1247068.4,38150.2
17,2378,1252952.1,38150.2
17,2379,1252742.4,35117.3
17,2380,1259589.8,27284.4
17,2381,1264849,24459.1
17,2382,1261910.5,24459.1
17,2383,1258638.4,21544.9
17,2384,1256853.1,14270.8
17,2385,1270248.5,167730.7
17,2386,1294413.6,182279.1
17,2387,1299976,187495.5
17,2388,1296486.9,190653.9
17,2389,1285694.4,197662.6
17,2390,1256705.8,191604.9
17,2391,1297333.6,209956.5
17,2392,1298582.8,215197.1
17,2393,1287831.9,211813.6
17,2394,1289978.4,214891
17,2395,1297484.4,218750.6
17,2396,1297210.5,214352.7
17,2397,1310801.5,213847.2
17,2398,1300400.2,199849.7
17,2399,1281453.8,187009
17,2400,1255675.4,162837.2
17,2401,1251548.9,153902.3
17,2402,1238671.9,136552.2
17,2403,1247126,133279.8
17,2404,1228350.4,121933
17,2405,1216963.9,110401.3
17,2406,1209692.2,109194.5
17,2407,1219336.5,109194.5
17,2408,1222566.4,107954
17,2409,1216189.6,94506.4
17,2410,1202836.2,83641.6
17,2411,1191426,79965.8
17,2412,1189696.4,72173
17,2413,1179613.6,70749.7
17,2414,1185473.9,63612.2
17,2415,1170490.8,53002.7
17,2416,1176421.9,45904.2
17,2417,1174002.8,36539.5
17,2418,1203242.6,33920.8
17,2419,1205150.6,26285.2
17,2420,1206825.4,25917.5
17,2421,1197486,23529.3
17,2422,1195851.2,21544.1
17,2423,1193767.1,20930
17,2424,1237930.8,20930
17,2425,1238004.1,20492.2
17,2426,1228699.9,19592.8
17,2427,1231305,14765
17,2428,1236679.5,14765
17,2429,1234110.8,14765
17,2430,1244496.2,10716.2
17,2431,1233931.8,10716.2
17,2432,1230112.8,10716.2
17,2433,1220611.8,10716.2
17,2434,1224523,9239.3
17,2435,1222721.5,9089.8
17,2436,1253506.8,5232.3
17,2437,1248130,5232.3
17,2438,1260757.6,4158.3
17,2439,1253121.5,3979.1
17,2440,1257622.4,60309.7
17,2441,1249189.8,58821.6
17,2442,1242582.4,58516.8
17,2443,1244709.5,59465
17,2444,1252735.1,61558.1
17,2445,1250537.4,57372.5
17,2446,1267240.6,56588.8
17,2447,1281148.4,54277.3
17,2448,1310997,51766.5
17,2449,1294885,45486.3
17,2450,1333354.5,43659.3
17,2451,1330878.2,156581.5
17,2452,1336378,174077.6
17,2453,1328467.5,179425.6
17,2454,1322657.8,193653.4
17,2455,1325177.2,206152.1
17,2456,1344803.1,232330.7
17,2457,1324436.2,240288.9
17,2458,1332941.4,250247.4
17,2459,1332642.6,263651.2
17,2460,1323511.1,280575.5
17,2461,1318509.9,302368.3
17,2462,1353988,325000.1
17,2463,1354394.2,334071.6
17,2464,1351665.4,334306.7
17,2465,1351515,342650.9
17,2466,1332768,332762.3
17,2467,1305767.1,312339.3
17,2468,1299183.2,301924.1
17,2469,1288614.4,286989.7
17,2470,1297541.8,304275.2
17,2471,1296895.6,311038.1
17,2472,1301348.6,310704.9
17,2473,1304971.1,314258.7
17,2474,1310558.9,320430.5
17,2475,1319789.9,331828.3
17,2476,1313287.1,318589.2
17,2477,1317408.8,319165.8
17,2478,1339968.9,326694.7
17,2479,1348843.5,323255.8
17,2480,1373897.6,325729.1
17,2481,1365844.6,306742.3
17,2482,1365704.2,296416
17,2483,1366589.1,280826.7
17,2484,1360619.8,271329.3
17,2485,1360579.6,252695
17,2486,1360326,248421.3
17,2487,1357546.2,243606.6
17,2488,1366078.2,241820.4
17,2489,1333845.1,202925.9
17,2490,1313949.8,179182.5
17,2491,1354473.9,176985.2
17,2492,1341185.6,176062.3
17,2493,1341704.5,171497.2
17,2494,1349920.5,166951.6
17,2495,1360225,167057.8
17,2496,1341545.4,163772.6
17,2497,1353195.4,163827.9
17,2498,1337784.9,147529.1
17,2499,1309569.8,130421.7
17,2500,1296613.4,130421.7
18,2000,14292.3,6985.8
18,2001,14907.4,7918
18,2002,15384.9,8538.6
18,2003,15467.1,8646.5
18,2004,15694.8,8944.6
18,2005,15334.9,8589.6
18,2006,15039.1,8572
18,2007,15155.5,8611.9
18,2008,14871.9,8276.8
18,2009,14949.7,8372.6
18,2010,15473.8,8904
18,2011,15838.3,9395.4
18,2012,15464.4,8664
18,2013,14695.7,7921.8
18,2014,14817.2,8006.2
18,2015,14625.1,7995
18,2016,14947.1,8023.3
18,2017,15457,8464.1
18,2018,15323.3,7967.7
18,2019,15289.7,7551.6
18,2020,15741.8,7465
18,2021,15817.8,7420.9
18,2022,15706.2,7202.2
18,2023,15409.2,6772.1
18,2024,15267.8,6449.1
18,2025,15081.6,6246.5
18,2026,15574.3,6246.5
18,2027,15748.1,6305.5
18,2028,15345,5793.7
18,2029,15318.8,5865.2
18,2030,15160.9,5377.2
18,2031,15044.8,5213.5
18,2032,15276.2,4870.4
18,2033,15059.1,4689.6
18,2034,15739.5,4719.4
18,2035,15732.7,4455.2
18,2036,15814.6,3913.4
18,2037,16315.7,3650.1
18,2038,16335.8,3511.9
18,2039,16448,2822.1
18,2040,16285,2488.8
18,2041,16357.7,2427.4
18,2042,16749,2430.6
18,2043,16075.5,2306.3
18,2044,16341.3,2306.3
18,2045,16436.5,2306.3
18,2046,15973.7,2306.3
18,2047,15199,6069.1
18,2048,15353.2,6276.7
18,2049,14792.7,5968.6
18,2050,14657.6,5661.5
18,2051,14571.8,5558.7
18,2052,14387.8,5317.7
18,2053,14206.8,4964
18,2054,14028.7,4806.9
18,2055,14327.3,5209.4
18,2056,14646.7,5508.8
18,2057,14331.4,5126.3
18,2058,13387.9,3825.6
18,2059,12881.2,3456.4
18,2060,12752.4,3316.4
18,2061,12573.8,3189.1
18,2062,12535.7,3079.6
18,2063,12731.9,3063.1
18,2064,12192.4,2699.1
18,2065,12548.8,2699.1
18,2066,12173.8,2492.1
18,2067,11998.8,2492.1
18,2068,11356.1,1921.9
18,2069,11390.4,1819.6
18,2070,11305.6,1819.6
18,2071,11214.5,1704.4
18,2072,11110.3,1704.4
18,2073,11102.4,1638
18,2074,11203.4,1638
18,2075,11120.7,1494.8
18,2076,11002.2,1494.8
18,2077,10788,1494.8
18,2078,10795,1494.8
18,2079,10873.2,1494.8
18,2080,10704.1,1494.8
18,2081,10473.9,1363.2
18,2082,10408.8,1125.7
18,2083,10184,1125.7
18,2084,10151.8,1541.2
18,2085,10140.1,1515.4
18,2086,10076,1393.2
18,2087,10340.1,1393.2
18,2088,10518.6,1258.9
18,2089,10279.9,1104.5
18,2090,10331.4,1032.4
18,2091,10445.9,942.9
18,2092,10409.4,906.1
18,2093,10420.4,906.1
18,2094,10433,732.8
18,2095,10572.8,732.8
18,2096,10969,671.6
18,2097,10996,671.6
18,2098,11375.2,671.6
18,2099,11766.2,534.1
18,2100,12225.5,441.6
18,2101,12539.4,418.5
18,2102,12901.5,406.2
18,2103,13599.6,346.9
18,2104,13983,319
18,2105,14284.9,4326.8
18,2106,14700.7,4615.8
18,2107,14755.6,4832.3
18,2108,14353.2,4819.6
18,2109,14372.4,5022.4
18,2110,14902,5475.5
18,2111,15377.5,6213.2
18,2112,15573.7,6679.3
18,2113,16011.4,7255.6
18,2114,16003.2,7599.7
18,2115,16136.4,7954
18,2116,16314.8,8443.2
18,2117,16085,8211.2
18,2118,16202.9,8322.1
18,2119,16317.8,8650.5
18,2120,15444,7932.7
18,2121,15697.1,8244
18,2122,15640.8,8236.1
18,2123,15596.3,7949.4
18,2124,15789.4,8184.5
18,2125,15757.8,8300.3
18,2126,15520,8074
18,2127,15570.9,8243.4
18,2128,15019.5,7624.6
18,2129,14971.4,7550.1
18,2130,14686,7040.8
18,2131,14968.9,7141.7
18,2132,15364.8,7038.6
18,2133,15353.9,7023.8
18,2134,14481.1,6345.9
18,2135,14274.6,6054.7
18,2136,14062.5,5530.7
18,2137,13869.3,5408
18,2138,13518.5,4675.5
18,2139,13419.1,4407
18,2140,13400.9,4098
18,2141,13649.8,3952.2
18,2142,13981.1,3614.6
18,2143,14256,2978.7
18,2144,14373.7,2902
18,2145,14311.9,2624
18,2146,14668,2475.5
18,2147,14692.2,2318.5
18,2148,15085.3,2225.9
18,2149,15392.6,2225.9
18,2150,15792.6,2087.2
18,2151,16469.2,2087.2
18,2152,16563.8,10040.1
18,2153,16537.1,10384.7
18,2154,17970.5,12005.6
18,2155,18439.6,12611.3
18,2156,18207.7,12615
18,2157,18646.2,13311
18,2158,18760.7,13757.3
18,2159,18321.9,13395
18,2160,17613,12859.2
18,2161,17221.8,12395.1
18,2162,17250.9,12415.1
18,2163,17227.8,12531.7
18,2164,17993.3,13258.3
18,2165,18029.1,13243.6
18,2166,18062.3,13266.9
18,2167,17052.6,12315.7
18,2168,16164.1,11411.4
18,2169,15548.9,10828.9
18,2170,15098.3,10437.5
18,2171,14645.4,9839.8
18,2172,14551.5,9504.6
18,2173,14976.6,9681.7
18,2174,14561.7,9184.2
18,2175,15038.9,9331.9
18,2176,14846.7,8839.2
18,2177,14625.8,8627.4
18,2178,14393.6,8211.6
18,2179,13141.3,6664.1
18,2180,13347.1,6467.7
18,2181,13376.5,6486.1
18,2182,13463.6,6329.4
18,2183,13021.2,6048
18,2184,12971.4,5810.3
18,2185,13113.5,5776.4
18,2186,13208,5694.5
18,2187,13090.6,5671.9
18,2188,12713.2,5174
18,2189,12036.2,4523.8
18,2190,12145.1,4514.6
18,2191,11710.8,4193.8
18,2192,11786.1,4193.8
18,2193,11341.7,3726.5
18,2194,11263.5,3566.6
18,2195,10536.1,2548
18,2196,10483.4,2197.5
18,2197,10136,2150
18,2198,10068.8,2070.5
18,2199,10087.2,2070.5
18,2200,10068.3,1987.6
18,2201,9986.4,1987.6
18,2202,9960.8,1987.6
18,2203,10047.8,1924.7
18,2204,9954.8,1924.7
18,2205,9951.5,1708.4
18,2206,9879.5,1663.6
18,2207,9887.8,1565.5
18,2208,9816.6,1565.5
18,2209,9902.4,1411.1
18,2210,9707.8,1384.2
18,2211,9542.9,1319.7
18,2212,9298.2,419.8
18,2213,9188.1,1284.9
18,2214,9265.6,1104.2
18,2215,9165.8,1021.1
18,2216,9185.9,1014.4
18,2217,9098.3,1014.4
18,2218,9306.5,1014.4
18,2219,9334.5,1014.4
18,2220,9301.6,1014.4
18,2221,9389.8,1014.4
18,2222,9288.2,1014.4
18,2223,9345.2,994.8
18,2224,9390.9,802.7
18,2225,9504.5,802.7
18,2226,9562.1,802.7
18,2227,9835.8,802.7
18,2228,9833.6,802.7
18,2229,9973.9,802.7
18,2230,10223.1,794
18,2231,9977.7,794
18,2232,10124.7,650.8
18,2233,10219.3,650.8
18,2234,10211,650.8
18,2235,10119.6,650.8
18,2236,10094.5,650.8
18,2237,10335.6,650.8
18,2238,10392.3,650.8
18,2239,10382.2,650.8
18,2240,10224.3,650.8
18,2241,10199.3,650.8
18,2242,10264.3,595.1
18,2243,10271.3,595.1
18,2244,10436,595.1
18,2245,10451.3,595.1
18,2246,10242,595.1
18,2247,10427.1,595.1
18,2248,10428.5,180.8
18,2249,10491.5,180.8
18,2250,11097.6,101.3
18,2251,10913.2,101.3
18,2252,10750.6,101.3
18,2253,10559.6,63
18,2254,10471.9,63
18,2255,10943.8,48.4
18,2256,11164.3,1066.1
18,2257,11243.5,1052.5
18,2258,11061.9,1076.6
18,2259,10881.3,966.5
18,2260,10874.8,966.5
18,2261,10876.4,1596.8
18,2262,10720.2,1496.7
18,2263,10567.1,1211.6
18,2264,10306.8,1211.6
18,2265,10280.3,1310.3
18,2266,10283,1265.1
18,2267,10357,1237.9
18,2268,10522.5,1215.5
18,2269,10485.8,1041.4
18,2270,10800.9,1041.4
18,2271,10518.4,925.8
18,2272,10595.4,893.4
18,2273,10511.3,857.1
18,2274,10652.3,853.8
18,2275,10646.5,740.3
18,2276,10695,740.3
18,2277,10842.6,637.2
18,2278,10764.6,637.2
18,2279,11033.5,508.5
18,2280,11005.9,444.9
18,2281,11187.7,374.4
18,2282,11130.8,374.4
18,2283,11105.3,301.9
18,2284,11055.2,277.2
18,2285,11056.4,249.5
18,2286,11202.7,249.5
18,2287,11426.5,856.9
18,2288,11459,888.7
18,2289,11698.5,857.1
18,2290,11925.3,856.4
18,2291,11805.1,857.7
18,2292,11935.8,868.1
18,2293,12116.5,652.6
18,2294,12065.3,705.8
18,2295,11809.5,606.2
18,2296,11852.5,550.7
18,2297,11900.4,1548.7
18,2298,12251.5,1859.9
18,2299,12310,1835.1
18,2300,12338.9,1977.2
18,2301,12217.4,1835.6
18,2302,12194.7,1956.4
18,2303,12379,2127.8
18,2304,12403.4,2298.6
18,2305,12355.8,2131.1
18,2306,11897.9,1962.2
18,2307,11898.4,2106.3
18,2308,11338.5,1857.4
18,2309,10998.8,1682.1
18,2310,11032.3,1414.2
18,2311,11066,1435.9
18,2312,10983.6,1801.3
18,2313,11116.7,1921.2
18,2314,10958.5,1731.1
18,2315,10975.7,1629.1
18,2316,10879.7,1566.2
18,2317,10946,1606.7
18,2318,10946.1,1539.2
18,2319,10957.6,1488.7
18,2320,11171.7,1365.1
18,2321,11556.9,1365.1
18,2322,11249.4,1301.5
18,2323,11204.9,1168
18,2324,10900.7,1020.3
18,2325,10950,906.4
18,2326,11256.4,811
18,2327,11844.2,698.6
18,2328,12252.3,698.6
18,2329,12516.8,4638
18,2330,13260.2,5305.5
18,2331,13544.8,5766.9
18,2332,13839.3,6134.3
18,2333,13988.2,6519.3
18,2334,13971.8,6655.9
18,2335,14329.2,7199.6
18,2336,14233.7,7351.9
18,2337,14184.4,7367.4
18,2338,14171.3,7504.3
18,2339,14422.9,7798.7
18,2340,14519,7997.5
18,2341,15691.1,9295.2
18,2342,15767.1,9298.7
18,2343,15939.5,9639.1
18,2344,15696.4,9383.8
18,2345,15803.3,9409.5
18,2346,15347.7,8956.3
18,2347,15439.8,9020.3
18,2348,15110.6,8734
18,2349,15126.7,8768.9
18,2350,14672.8,8182.9
18,2351,14767.2,8123.2
18,2352,14389,7527.8
18,2353,14543.9,7689.6
18,2354,14367.9,7312.1
18,2355,14075.9,6762.3
18,2356,13382.8,5858.4
18,2357,12587.2,4885.4
18,2358,12744.7,4885.4
18,2359,12698.2,4742.1
18,2360,12519.6,4359.8
18,2361,12241.2,4071.3
18,2362,12143.1,3894.3
18,2363,12103.4,3896.8
18,2364,11741.9,3420.9
18,2365,11721.9,3136.3
18,2366,11396.8,2658.5
18,2367,11496.1,2658.5
18,2368,11372.6,2522.4
18,2369,11056.6,2283.4
18,2370,11181.2,2237.8
18,2371,11100.9,2252.6
18,2372,10853,2165.1
18,2373,10797.7,2048.3
18,2374,10877.8,2048.3
18,2375,10479.9,1662.4
18,2376,10552.1,1583.9
18,2377,10438.8,1405.8
18,2378,10639.3,1399.4
18,2379,10458.6,1063.7
18,2380,10599.4,854.7
18,2381,10647.4,854.7
18,2382,10703.6,714
18,2383,10748.3,714
18,2384,10363.1,708
18,2385,10308,708
18,2386,10572.2,708
18,2387,10599.2,708
18,2388,11052.3,668.9
18,2389,11213.4,668.9
18,2390,11602.8,3332.7
18,2391,11683.2,3464.4
18,2392,11600.6,3515.8
18,2393,11637.1,3641.1
18,2394,11420.5,3602.8
18,2395,11624.8,3811.9
18,2396,11976.6,4266.6
18,2397,12057.9,4267.7
18,2398,11772.4,3920.4
18,2399,11562.8,3533.5
18,2400,11332.7,3206.9
18,2401,11299.6,3089.4
18,2402,11109.1,2897.8
18,2403,11398.1,2930.6
18,2404,11718.6,3056.1
18,2405,11484,2723.3
18,2406,11230.3,2230.1
18,2407,11231.4,2108.7
18,2408,10937.4,1689.2
18,2409,10866.6,1384.4
18,2410,11117.7,1425.6
18,2411,11285.1,1372.5
18,2412,11325.9,1359.5
18,2413,11375.7,1132
18,2414,11407,1081.1
18,2415,11520.2,1083.1
18,2416,11789.4,1038.7
18,2417,11963,972.6
18,2418,12069.5,923.4
18,2419,12121.7,889.4
18,2420,12049.4,770.2
18,2421,12335.8,698.6
18,2422,12490.8,559.2
18,2423,12989.8,480.3
18,2424,13377.5,424.1
18,2425,13476,424.1
18,2426,13907.9,362.9
18,2427,14082.1,362.9
18,2428,14127.8,362.9
18,2429,14044.5,344.7
18,2430,13962,2979.6
18,2431,14226.2,3278.9
18,2432,14332.9,3610.5
18,2433,14088.3,3594.1
18,2434,14447.8,4212.6
18,2435,14475.3,4146.3
18,2436,14838.3,4286.2
18,2437,14831.8,4617.7
18,2438,14947.4,4981.1
18,2439,14392.7,4818.3
18,2440,13921.9,4520.1
18,2441,13486.6,4364.6
18,2442,13259.3,4605.5
18,2443,13033.4,4759.4
18,2444,13050.2,4913.2
18,2445,12734,4680.8
18,2446,12724,4735.5
18,2447,12494.8,4435.3
18,2448,11985.8,3960.5
18,2449,11663,3734.1
18,2450,11500,3474.2
18,2451,11230.2,2949.2
18,2452,10887.8,2438.2
18,2453,10715.4,2072.1
18,2454,10571.2,1706.7
18,2455,10474.7,1497.7
18,2456,10497.7,1204.8
18,2457,10383.3,1028.8
18,2458,10322.8,938.2
18,2459,10254.1,938.2
18,2460,10426.4,938.2
18,2461,10350.5,938.2
18,2462,10388.3,890.6
18,2463,10272.5,867.8
18,2464,10384.5,768.8
18,2465,10144.7,768.8
18,2466,10315.2,735.7
18,2467,10410.3,696.3
18,2468,10416.8,612.1
18,2469,10671.5,612.1
18,2470,10503.3,612.1
18,2471,10609.2,612.1
18,2472,10679.5,576.4
18,2473,10670.1,576.4
18,2474,10561.1,576.4
18,2475,10752.1,407.3
18,2476,10689.9,320.4
18,2477,10568.3,320.4
18,2478,10397.5,320.4
18,2479,10357.7,272.6
18,2480,10445,272.6
18,2481,10389.3,272.6
18,2482,10412.6,232.3
18,2483,10534.3,1858.6
18,2484,10580,1853.6
18,2485,10666.5,1841.6
18,2486,10401.3,1643.5
18,2487,10709.4,1837.3
18,2488,10713.8,1743.2
18,2489,10892.1,1668.1
18,2490,10645.4,1377
18,2491,10839.6,1348.1
18,2492,10814.9,1166.2
18,2493,10850.9,1116.7
18,2494,10973.4,1104.6
18,2495,10938.9,21.4
18,2496,10829.1,875.7
18,2497,10767.5,723.9
18,2498,10578.1,528.5
18,2499,10542.8,459.5
18,2500,10511.9,459.5
19,2000,14292.3,6985.8
19,2001,14907.4,7918
19,2002,15384.9,8538.6
19,2003,15467.1,8646.5
19,2004,15694.8,8944.6
19,2005,15334.9,8589.6
19,2006,15039.1,8572
19,2007,15155.5,8611.9
19,2008,14871.9,8276.8
19,2009,14949.7,8372.6
19,2010,15473.8,8904
19,2011,15838.3,9395.4
19,2012,15464.4,8664
19,2013,14695.7,7921.8
19,2014,14817.2,8006.2
19,2015,14625.1,7995
19,2016,14947.1,8023.3
19,2017,15457,8464.1
19,2018,15323.3,7967.7
19,2019,15289.7,7551.6
19,2020,15741.8,7465
19,2021,15817.8,7420.9
19,2022,15706.2,7202.2
19,2023,15409.2,6772.1
19,2024,15267.8,6449.1
19,2025,15081.6,6246.5
19,2026,15574.3,6246.5
19,2027,15748.1,6305.5
19,2028,15345,5793.7
19,2029,15318.8,5865.2
19,2030,15160.9,5377.2
19,2031,15044.8,5213.5
19,2032,15276.2,4870.4
19,2033,15059.1,4689.6
19,2034,15739.5,4719.4
19,2035,15732.7,4455.2
19,2036,15814.6,3913.4
19,2037,16315.7,3650.1
19,2038,16335.8,3511.9
19,2039,16448,2822.1
19,2040,16285,2488.8
19,2041,16357.7,2427.4
19,2042,16749,2430.6
19,2043,16075.5,2306.3
19,2044,16341.3,2306.3
19,2045,16436.5,2306.3
19,2046,15973.7,2306.3
19,2047,15199,6069.1
19,2048,15353.2,6276.7
19,2049,14792.7,5968.6
19,2050,14657.6,5661.5
19,2051,14571.8,5558.7
19,2052,14387.8,5317.7
19,2053,14206.8,4964
19,2054,14028.7,4806.9
19,2055,14327.3,5209.4
19,2056,14646.7,5508.8
19,2057,14331.4,5126.3
19,2058,13387.9,3825.6
19,2059,12881.2,3456.4
19,2060,12752.4,3316.4
19,2061,12573.8,3189.1
19,2062,12535.7,3079.6
19,2063,12731.9,3063.1
19,2064,12192.4,2699.1
19,2065,12548.8,2699.1
19,2066,12173.8,2492.1
19,2067,11998.8,2492.1
19,2068,11356.1,1921.9
19,2069,11390.4,1819.6
19,2070,11305.6,1819.6
19,2071,11214.5,1704.4
19,2072,11110.3,1704.4
19,2073,11102.4,1638
19,2074,11203.4,1638
19,2075,11120.7,1494.8
19,2076,11002.2,1494.8
19,2077,10788,1494.8
19,2078,10795,1494.8
19,2079,10873.2,1494.8
19,2080,10704.1,1494.8
19,2081,10473.9,1363.2
19,2082,10408.8,1125.7
19,2083,10184,1125.7
19,2084,10151.8,1541.2
19,2085,10140.1,1515.4
19,2086,10076,1393.2
19,2087,10340.1,1393.2
19,2088,10518.6,1258.9
19,2089,10279.9,1104.5
19,2090,10331.4,1032.4
19,2091,10445.9,942.9
19,2092,10409.4,906.1
19,2093,10420.4,906.1
19,2094,10433,732.8
19,2095,10572.8,732.8
19,2096,10969,671.6
19,2097,10996,671.6
19,2098,11375.2,671.6
19,2099,11766.2,534.1
19,2100,12225.5,441.6
19,2101,12539.4,418.5
19,2102,12901.5,406.2
19,2103,13599.6,346.9
19,2104,13983,319
19,2105,14284.9,4326.8
19,2106,14700.7,4615.8
19,2107,14755.6,4832.3
19,2108,14353.2,4819.6
19,2109,14372.4,5022.4
19,2110,14902,5475.5
19,2111,15377.5,6213.2
19,2112,15573.7,6679.3
19,2113,16011.4,7255.6
19,2114,16003.2,7599.7
19,2115,16136.4,7954
19,2116,16314.8,8443.2
19,2117,16085,8211.2
19,2118,16202.9,8322.1
19,2119,16317.8,8650.5
19,2120,15444,7932.7
19,2121,15697.1,8244
19,2122,15640.8,8236.1
19,2123,15596.3,7949.4
19,2124,15789.4,8184.5
19,2125,15757.8,8300.3
19,2126,15520,8074
19,2127,15570.9,8243.4
19,2128,15019.5,7624.6
19,2129,14971.4,7550.1
19,2130,14686,7040.8
19,2131,14968.9,7141.7
19,2132,15364.8,7038.6
19,2133,15353.9,7023.8
19,2134,14481.1,6345.9
19,2135,14274.6,6054.7
19,2136,14062.5,5530.7
19,2137,13869.3,5408
19,2138,13518.5,4675.5
19,2139,13419.1,4407
19,2140,13400.9,4098
19,2141,13649.8,3952.2
19,2142,13981.1,3614.6
19,2143,14256,2978.7
19,2144,14373.7,2902
19,2145,14311.9,2624
19,2146,14668,2475.5
19,2147,14692.2,2318.5
19,2148,15085.3,2225.9
19,2149,15392.6,2225.9
19,2150,15792.6,2087.2
19,2151,16469.2,2087.2
19,2152,16563.8,10040.1
19,2153,16537.1,10384.7
19,2154,17970.5,12005.6
19,2155,18439.6,12611.3
19,2156,18207.7,12615
19,2157,18646.2,13311
19,2158,18760.7,13757.3
19,2159,18321.9,13395
19,2160,17613,12859.2
19,2161,17221.8,12395.1
19,2162,17250.9,12415.1
19,2163,17227.8,12531.7
19,2164,17993.3,13258.3
19,2165,18029.1,13243.6
19,2166,18062.3,13266.9
19,2167,17052.6,12315.7
19,2168,16164.1,11411.4
19,2169,15548.9,10828.9
19,2170,15098.3,10437.5
19,2171,14645.4,9839.8
19,2172,14551.5,9504.6
19,2173,14976.6,9681.7
19,2174,14561.7,9184.2
19,2175,15038.9,9331.9
19,2176,14846.7,8839.2
19,2177,14625.8,8627.4
19,2178,14393.6,8211.6
19,2179,13141.3,6664.1
19,2180,13347.1,6467.7
19,2181,13376.5,6486.1
19,2182,13463.6,6329.4
19,2183,13021.2,6048
19,2184,12971.4,5810.3
19,2185,13113.5,5776.4
19,2186,13208,5694.5
19,2187,13090.6,5671.9
19,2188,12713.2,5174
19,2189,12036.2,4523.8
19,2190,12145.1,4514.6
19,2191,11710.8,4193.8
19,2192,11786.1,4193.8
19,2193,11341.7,3726.5
19,2194,11263.5,3566.6
19,2195,10536.1,2548
19,2196,10483.4,2197.5
19,2197,10136,2150
19,2198,10068.8,2070.5
19,2199,10087.2,2070.5
19,2200,10068.3,1987.6
19,2201,9986.4,1987.6
19,2202,9960.8,1987.6
19,2203,10047.8,1924.7
19,2204,9954.8,1924.7
19,2205,9951.5,1708.4
19,2206,9879.5,1663.6
19,2207,9887.8,1565.5
19,2208,9816.6,1565.5
19,2209,9902.4,1411.1
19,2210,9707.8,1384.2
19,2211,9542.9,1319.7
19,2212,9298.2,419.8
19,2213,9188.1,1284.9
19,2214,9265.6,1104.2
19,2215,9165.8,1021.1
19,2216,9185.9,1014.4
19,2217,9098.3,1014.4
19,2218,9306.5,1014.4
19,2219,9334.5,1014.4
19,2220,9301.6,1014.4
19,2221,9389.8,1014.4
19,2222,9288.2,1014.4
19,2223,9345.2,994.8
19,2224,9390.9,802.7
19,2225,9504.5,802.7
19,2226,9562.1,802.7
19,2227,9835.8,802.7
19,2228,9833.6,802.7
19,2229,9973.9,802.7
19,2230,10223.1,794
19,2231,9977.7,794
19,2232,10124.7,650.8
19,2233,10219.3,650.8
19,2234,10211,650.8
19,2235,10119.6,650.8
19,2236,10094.5,650.8
19,2237,10335.6,650.8
19,2238,10392.3,650.8
19,2239,10382.2,650.8
19,2240,10224.3,650.8
19,2241,10199.3,650.8
19,2242,10264.3,595.1
19,2243,10271.3,595.1
19,2244,10436,595.1
19,2245,10451.3,595.1
19,2246,10242,595.1
19,2247,10427.1,595.1
19,2248,10428.5,180.8
19,2249,10491.5,180.8
19,2250,11097.6,101.3
19,2251,10913.2,101.3
19,2252,10750.6,101.3
19,2253,10559.6,63
19,2254,10471.9,63
19,2255,10943.8,48.4
19,2256,11164.3,1066.1
19,2257,11243.5,1052.5
19,2258,11061.9,1076.6
19,2259,10881.3,966.5
19,2260,10874.8,966.5
19,2261,10876.4,1596.8
19,2262,10720.2,1496.7
19,2263,10567.1,1211.6
19,2264,10306.8,1211.6
19,2265,10280.3,1310.3
19,2266,10283,1265.1
19,2267,10357,1237.9
19,2268,10522.5,1215.5
19,2269,10485.8,1041.4
19,2270,10800.9,1041.4
19,2271,10518.4,925.8
19,2272,10595.4,893.4
19,2273,10511.3,857.1
19,2274,10652.3,853.8
19,2275,10646.5,740.3
19,2276,10695,740.3
19,2277,10842.6,637.2
19,2278,10764.6,637.2
19,2279,11033.5,508.5
19,2280,11005.9,444.9
19,2281,11187.7,374.4
19,2282,11130.8,374.4
19,2283,11105.3,301.9
19,2284,11055.2,277.2
19,2285,11056.4,249.5
19,2286,11202.7,249.5
19,2287,11426.5,856.9
19,2288,11459,888.7
19,2289,11698.5,857.1
19,2290,11925.3,856.4
19,2291,11805.1,857.7
19,2292,11935.8,868.1
19,2293,12116.5,652.6
19,2294,12065.3,705.8
19,2295,11809.5,606.2
19,2296,11852.5,550.7
19,2297,11900.4,1548.7
19,2298,12251.5,1859.9
19,2299,12310,1835.1
19,2300,12338.9,1977.2
19,2301,12217.4,1835.6
19,2302,12194.7,1956.4
19,2303,12379,2127.8
19,2304,12403.4,2298.6
19,2305,12355.8,2131.1
19,2306,11897.9,1962.2
19,2307,11898.4,2106.3
19,2308,11338.5,1857.4
19,2309,10998.8,1682.1
19,2310,11032.3,1414.2
19,2311,11066,1435.9
19,2312,10983.6,1801.3
19,2313,11116.7,1921.2
19,2314,10958.5,1731.1
19,2315,10975.7,1629.1
19,2316,10879.7,1566.2
19,2317,10946,1606.7
19,2318,10946.1,1539.2
19,2319,10957.6,1488.7
19,2320,11171.7,1365.1
19,2321,11556.9,1365.1
19,2322,11249.4,1301.5
19,2323,11204.9,1168
19,2324,10900.7,1020.3
19,2325,10950,906.4
19,2326,11256.4,811
19,2327,11844.2,698.6
19,2328,12252.3,698.6
19,2329,12516.8,4638
19,2330,13260.2,5305.5
19,2331,13544.8,5766.9
19,2332,13839.3,6134.3
19,2333,13988.2,6519.3
19,2334,13971.8,6655.9
19,2335,14329.2,7199.6
19,2336,14233.7,7351.9
19,2337,14184.4,7367.4
19,2338,14171.3,7504.3
19,2339,14422.9,7798.7
19,2340,14519,7997.5
19,2341,15691.1,9295.2
19,2342,15767.1,9298.7
19,2343,15939.5,9639.1
19,2344,15696.4,9383.8
19,2345,15803.3,9409.5
19,2346,15347.7,8956.3
19,2347,15439.8,9020.3
19,2348,15110.6,8734
19,2349,15126.7,8768.9
19,2350,14672.8,8182.9
19,2351,14767.2,8123.2
19,2352,14389,7527.8
19,2353,14543.9,7689.6
19,2354,14367.9,7312.1
19,2355,14075.9,6762.3
19,2356,13382.8,5858.4
19,2357,12587.2,4885.4
19,2358,12744.7,4885.4
19,2359,12698.2,4742.1
19,2360,12519.6,4359.8
19,2361,12241.2,4071.3
19,2362,12143.1,3894.3
19,2363,12103.4,3896.8
19,2364,11741.9,3420.9
19,2365,11721.9,3136.3
19,2366,11396.8,2658.5
19,2367,11496.1,2658.5
19,2368,11372.6,2522.4
19,2369,11056.6,2283.4
19,2370,11181.2,2237.8
19,2371,11100.9,2252.6
19,2372,10853,2165.1
19,2373,10797.7,2048.3
19,2374,10877.8,2048.3
19,2375,10479.9,1662.4
19,2376,10552.1,1583.9
19,2377,10438.8,1405.8
19,2378,10639.3,1399.4
19,2379,10458.6,1063.7
19,2380,10599.4,854.7
19,2381,10647.4,854.7
19,2382,10703.6,714
19,2383,10748.3,714
19,2384,10363.1,708
19,2385,10308,708
19,2386,10572.2,708
19,2387,10599.2,708
19,2388,11052.3,668.9
19,2389,11213.4,668.9
19,2390,11602.8,3332.7
19,2391,11683.2,3464.4
19,2392,11600.6,3515.8
19,2393,11637.1,3641.1
19,2394,11420.5,3602.8
19,2395,11624.8,3811.9
19,2396,11976.6,4266.6
19,2397,12057.9,4267.7
19,2398,11772.4,3920.4
19,2399,11562.8,3533.5
19,2400,11332.7,3206.9
19,2401,11299.6,3089.4
19,2402,11109.1,2897.8
19,2403,11398.1,2930.6
19,2404,11718.6,3056.1
19,2405,11484,2723.3
19,2406,11230.3,2230.1
19,2407,11231.4,2108.7
19,2408,10937.4,1689.2
19,2409,10866.6,1384.4
19,2410,11117.7,1425.6
19,2411,11285.1,1372.5
19,2412,11325.9,1359.5
19,2413,11375.7,1132
19,2414,11407,1081.1
19,2415,11520.2,1083.1
19,2416,11789.4,1038.7
19,2417,11963,972.6
19,2418,12069.5,923.4
19,2419,12121.7,889.4
19,2420,12049.4,770.2
19,2421,12335.8,698.6
19,2422,12490.8,559.2
19,2423,12989.8,480.3
19,2424,13377.5,424.1
19,2425,13476,424.1
19,2426,13907.9,362.9
19,2427,14082.1,362.9
19,2428,14127.8,362.9
19,2429,14044.5,344.7
19,2430,13962,2979.6
19,2431,14226.2,3278.9
19,2432,14332.9,3610.5
19,2433,14088.3,3594.1
19,2434,14447.8,4212.6
19,2435,14475.3,4146.3
19,2436,14838.3,4286.2
19,2437,14831.8,4617.7
19,2438,14947.4,4981.1
19,2439,14392.7,4818.3
19,2440,13921.9,4520.1
19,2441,13486.6,4364.6
19,2442,13259.3,4605.5
19,2443,13033.4,4759.4
19,2444,13050.2,4913.2
19,2445,12734,4680.8
19,2446,12724,4735.5
19,2447,12494.8,4435.3
19,2448,11985.8,3960.5
19,2449,11663,3734.1
19,2450,11500,3474.2
19,2451,11230.2,2949.2
19,2452,10887.8,2438.2
19,2453,10715.4,2072.1
19,2454,10571.2,1706.7
19,2455,10474.7,1497.7
19,2456,10497.7,1204.8
19,2457,10383.3,1028.8
19,2458,10322.8,938.2
19,2459,10254.1,938.2
19,2460,10426.4,938.2
19,2461,10350.5,938.2
19,2462,10388.3,890.6
19,2463,10272.5,867.8
19,2464,10384.5,768.8
19,2465,10144.7,768.8
19,2466,10315.2,735.7
19,2467,10410.3,696.3
19,2468,10416.8,612.1
19,2469,10671.5,612.1
19,2470,10503.3,612.1
19,2471,10609.2,612.1
19,2472,10679.5,576.4
19,2473,10670.1,576.4
19,2474,10561.1,576.4
19,2475,10752.1,407.3
19,2476,10689.9,320.4
19,2477,10568.3,320.4
19,2478,10397.5,320.4
19,2479,10357.7,272.6
19,2480,10445,272.6
19,2481,10389.3,272.6
19,2482,10412.6,232.3
19,2483,10534.3,1858.6
19,2484,10580,1853.6
19,2485,10666.5,1841.6
19,2486,10401.3,1643.5
19,2487,10709.4,1837.3
19,2488,10713.8,1743.2
19,2489,10892.1,1668.1
19,2490,10645.4,1377
19,2491,10839.6,1348.1
19,2492,10814.9,1166.2
19,2493,10850.9,1116.7
19,2494,10973.4,1104.6
19,2495,10938.9,21.4
19,2496,10829.1,875.7
19,2497,10767.5,723.9
19,2498,10578.1,528.5
19,2499,10542.8,459.5
19,2500,10511.9,459.5
20,2000,14292.3,6985.8
20,2001,14907.4,7918
20,2002,15384.9,8538.6
20,2003,15467.1,8646.5
20,2004,15694.8,8944.6
20,2005,15334.9,8589.6
20,2006,15039.1,8572
20,2007,15155.5,8611.9
20,2008,14871.9,8276.8
20,2009,14949.7,8372.6
20,2010,15473.8,8904
20,2011,15838.3,9395.4
20,2012,15464.4,8664
20,2013,14695.7,7921.8
20,2014,14817.2,8006.2
20,2015,14625.1,7995
20,2016,14947.1,8023.3
20,2017,15457,8464.1
20,2018,15323.3,7967.7
20,2019,15289.7,7551.6
20,2020,15741.8,7465
20,2021,15817.8,7420.9
20,2022,15706.2,7202.2
20,2023,15409.2,6772.1
20,2024,15267.8,6449.1
20,2025,15081.6,6246.5
20,2026,15574.3,6246.5
20,2027,15748.1,6305.5
20,2028,15345,5793.7
20,2029,15318.8,5865.2
20,2030,15160.9,5377.2
20,2031,15044.8,5213.5
20,2032,15276.2,4870.4
20,2033,15059.1,4689.6
20,2034,15739.5,4719.4
20,2035,15732.7,4455.2
20,2036,15814.6,3913.4
20,2037,16315.7,3650.1
20,2038,16335.8,3511.9
20,2039,16448,2822.1
20,2040,16285,2488.8
20,2041,16357.7,2427.4
20,2042,16749,2430.6
20,2043,16075.5,2306.3
20,2044,16341.3,2306.3
20,2045,16436.5,2306.3
20,2046,15973.7,2306.3
20,2047,15199,6069.1
20,2048,15353.2,6276.7
20,2049,14792.7,5968.6
20,2050,14657.6,5661.5
20,2051,14571.8,5558.7
20,2052,14387.8,5317.7
20,2053,14206.8,4964
20,2054,14028.7,4806.9
20,2055,14327.3,5209.4
20,2056,14646.7,5508.8
20,2057,14331.4,5126.3
20,2058,13387.9,3825.6
20,2059,12881.2,3456.4
20,2060,12752.4,3316.4
20,2061,12573.8,3189.1
20,2062,12535.7,3079.6
20,2063,12731.9,3063.1
20,2064,12192.4,2699.1
20,2065,12548.8,2699.1
20,2066,12173.8,2492.1
20,2067,11998.8,2492.1
20,2068,11356.1,1921.9
20,2069,11390.4,1819.6
20,2070,11305.6,1819.6
20,2071,11214.5,1704.4
20,2072,11110.3,1704.4
20,2073,11102.4,1638
20,2074,11203.4,1638
20,2075,11120.7,1494.8
20,2076,11002.2,1494.8
20,2077,10788,1494.8
20,2078,10795,1494.8
20,2079,10873.2,1494.8
20,2080,10704.1,1494.8
20,2081,10473.9,1363.2
20,2082,10408.8,1125.7
20,2083,10184,1125.7
20,2084,10151.8,1541.2
20,2085,10140.1,1515.4
20,2086,10076,1393.2
20,2087,10340.1,1393.2
20,2088,10518.6,1258.9
20,2089,10279.9,1104.5
20,2090,10331.4,1032.4
20,2091,10445.9,942.9
20,2092,10409.4,906.1
20,2093,10420.4,906.1
20,2094,10433,732.8
20,2095,10572.8,732.8
20,2096,10969,671.6
20,2097,10996,671.6
20,2098,11375.2,671.6
20,2099,11766.2,534.1
20,2100,12225.5,441.6
20,2101,12539.4,418.5
20,2102,12901.5,406.2
20,2103,13599.6,346.9
20,2104,13983,319
20,2105,14284.9,4326.8
20,2106,14700.7,4615.8
20,2107,14755.6,4832.3
20,2108,14353.2,4819.6
20,2109,14372.4,5022.4
20,2110,14902,5475.5
20,2111,15377.5,6213.2
20,2112,15573.7,6679.3
20,2113,16011.4,7255.6
20,2114,16003.2,7599.7
20,2115,16136.4,7954
20,2116,16314.8,8443.2
20,2117,16085,8211.2
20,2118,16202.9,8322.1
20,2119,16317.8,8650.5
20,2120,15444,7932.7
20,2121,15697.1,8244
20,2122,15640.8,8236.1
20,2123,15596.3,7949.4
20,2124,15789.4,8184.5
20,2125,15757.8,8300.3
20,2126,15520,8074
20,2127,15570.9,8243.4
20,2128,15019.5,7624.6
20,2129,14971.4,7550.1
20,2130,14686,7040.8
20,2131,14968.9,7141.7
20,2132,15364.8,7038.6
20,2133,15353.9,7023.8
20,2134,14481.1,6345.9
20,2135,14274.6,6054.7
20,2136,14062.5,5530.7
20,2137,13869.3,5408
20,2138,13518.5,4675.5
20,2139,13419.1,4407
20,2140,13400.9,4098
20,2141,13649.8,3952.2
20,2142,13981.1,3614.6
20,2143,14256,2978.7
20,2144,14373.7,2902
20,2145,14311.9,2624
20,2146,14668,2475.5
20,2147,14692.2,2318.5
20,2148,15085.3,2225.9
20,2149,15392.6,2225.9
20,2150,15792.6,2087.2
20,2151,16469.2,2087.2
20,2152,16563.8,10040.1
20,2153,16537.1,10384.7
20,2154,17970.5,12005.6
20,2155,18439.6,12611.3
20,2156,18207.7,12615
20,2157,18646.2,13311
20,2158,18760.7,13757.3
20,2159,18321.9,13395
20,2160,17613,12859.2
20,2161,17221.8,12395.1
20,2162,17250.9,12415.1
20,2163,17227.8,12531.7
20,2164,17993.3,13258.3
20,2165,18029.1,13243.6
20,2166,18062.3,13266.9
20,2167,17052.6,12315.7
20,2168,16164.1,11411.4
20,2169,15548.9,10828.9
20,2170,15098.3,10437.5
20,2171,14645.4,9839.8
20,2172,14551.5,9504.6
20,2173,14976.6,9681.7
20,2174,14561.7,9184.2
20,2175,15038.9,9331.9
20,2176,14846.7,8839.2
20,2177,14625.8,8627.4
20,2178,14393.6,8211.6
20,2179,13141.3,6664.1
20,2180,13347.1,6467.7
20,2181,13376.5,6486.1
20,2182,13463.6,6329.4
20,2183,13021.2,6048
20,2184,12971.4,5810.3
20,2185,13113.5,5776.4
20,2186,13208,5694.5
20,2187,13090.6,5671.9
20,2188,12713.2,5174
20,2189,12036.2,4523.8
20,2190,12145.1,4514.6
20,2191,11710.8,4193.8
20,2192,11786.1,4193.8
20,2193,11341.7,3726.5
20,2194,11263.5,3566.6
20,2195,10536.1,2548
20,2196,10483.4,2197.5
20,2197,10136,2150
20,2198,10068.8,2070.5
20,2199,10087.2,2070.5
20,2200,10068.3,1987.6
20,2201,9986.4,1987.6
20,2202,9960.8,1987.6
20,2203,10047.8,1924.7
20,2204,9954.8,1924.7
20,2205,9951.5,1708.4
20,2206,9879.5,1663.6
20,2207,9887.8,1565.5
20,2208,9816.6,1565.5
20,2209,9902.4,1411.1
20,2210,9707.8,1384.2
20,2211,9542.9,1319.7
20,2212,9298.2,419.8
20,2213,9188.1,1284.9
20,2214,9265.6,1104.2
20,2215,9165.8,1021.1
20,2216,9185.9,1014.4
20,2217,9098.3,1014.4
20,2218,9306.5,1014.4
20,2219,9334.5,1014.4
20,2220,9301.6,1014.4
20,2221,9389.8,1014.4
20,2222,9288.2,1014.4
20,2223,9345.2,994.8
20,2224,9390.9,802.7
20,2225,9504.5,802.7
20,2226,9562.1,802.7
20,2227,9835.8,802.7
20,2228,9833.6,802.7
20,2229,9973.9,802.7
20,2230,10223.1,794
20,2231,9977.7,794
20,2232,10124.7,650.8
20,2233,10219.3,650.8
20,2234,10211,650.8
20,2235,10119.6,650.8
20,2236,10094.5,650.8
20,2237,10335.6,650.8
20,2238,10392.3,650.8
20,2239,10382.2,650.8
20,2240,10224.3,650.8
20,2241,10199.3,650.8
20,2242,10264.3,595.1
20,2243,10271.3,595.1
20,2244,10436,595.1
20,2245,10451.3,595.1
20,2246,10242,595.1
20,2247,10427.1,595.1
20,2248,10428.5,180.8
20,2249,10491.5,180.8
20,2250,11097.6,101.3
20,2251,10913.2,101.3
20,2252,10750.6,101.3
20,2253,10559.6,63
20,2254,10471.9,63
20,2255,10943.8,48.4
20,2256,11164.3,1066.1
20,2257,11243.5,1052.5
20,2258,11061.9,1076.6
20,2259,10881.3,966.5
20,2260,10874.8,966.5
20,2261,10876.4,1596.8
20,2262,10720.2,1496.7
20,2263,10567.1,1211.6
20,2264,10306.8,1211.6
20,2265,10280.3,1310.3
20,2266,10283,1265.1
20,2267,10357,1237.9
20,2268,10522.5,1215.5
20,2269,10485.8,1041.4
20,2270,10800.9,1041.4
20,2271,10518.4,925.8
20,2272,10595.4,893.4
20,2273,10511.3,857.1
20,2274,10652.3,853.8
20,2275,10646.5,740.3
20,2276,10695,740.3
20,2277,10842.6,637.2
20,2278,10764.6,637.2
20,2279,11033.5,508.5
20,2280,11005.9,444.9
20,2281,11187.7,374.4
20,2282,11130.8,374.4
20,2283,11105.3,301.9
20,2284,11055.2,277.2
20,2285,11056.4,249.5
20,2286,11202.7,249.5
20,2287,11426.5,856.9
20,2288,11459,888.7
20,2289,11698.5,857.1
20,2290,11925.3,856.4
20,2291,11805.1,857.7
20,2292,11935.8,868.1
20,2293,12116.5,652.6
20,2294,12065.3,705.8
20,2295,11809.5,606.2
20,2296,11852.5,550.7
20,2297,11900.4,1548.7
20,2298,12251.5,1859.9
20,2299,12310,1835.1
20,2300,12338.9,1977.2
20,2301,12217.4,1835.6
20,2302,12194.7,1956.4
20,2303,12379,2127.8
20,2304,12403.4,2298.6
20,2305,12355.8,2131.1
20,2306,11897.9,1962.2
20,2307,11898.4,2106.3
20,2308,11338.5,1857.4
20,2309,10998.8,1682.1
20,2310,11032.3,1414.2
20,2311,11066,1435.9
20,2312,10983.6,1801.3
20,2313,11116.7,1921.2
20,2314,10958.5,1731.1
20,2315,10975.7,1629.1
20,2316,10879.7,1566.2
20,2317,10946,1606.7
20,2318,10946.1,1539.2
20,2319,10957.6,1488.7
20,2320,11171.7,1365.1
20,2321,11556.9,1365.1
20,2322,11249.4,1301.5
20,2323,11204.9,1168
20,2324,10900.7,1020.3
20,2325,10950,906.4
20,2326,11256.4,811
20,2327,11844.2,698.6
20,2328,12252.3,698.6
20,2329,12516.8,4638
20,2330,13260.2,5305.5
20,2331,13544.8,5766.9
20,2332,13839.3,6134.3
20,2333,13988.2,6519.3
20,2334,13971.8,6655.9
20,2335,14329.2,7199.6
20,2336,14233.7,7351.9
20,2337,14184.4,7367.4
20,2338,14171.3,7504.3
20,2339,14422.9,7798.7
20,2340,14519,7997.5
20,2341,15691.1,9295.2
20,2342,15767.1,9298.7
20,2343,15939.5,9639.1
20,2344,15696.4,9383.8
20,2345,15803.3,9409.5
20,2346,15347.7,8956.3
20,2347,15439.8,9020.3
20,2348,15110.6,8734
20,2349,15126.7,8768.9
20,2350,14672.8,8182.9
20,2351,14767.2,8123.2
20,2352,14389,7527.8
20,2353,14543.9,7689.6
20,2354,14367.9,7312.1
20,2355,14075.9,6762.3
20,2356,13382.8,5858.4
20,2357,12587.2,4885.4
20,2358,12744.7,4885.4
20,2359,12698.2,4742.1
20,2360,12519.6,4359.8
20,2361,12241.2,4071.3
20,2362,12143.1,3894.3
20,2363,12103.4,3896.8
20,2364,11741.9,3420.9
20,2365,11721.9,3136.3
20,2366,11396.8,2658.5
20,2367,11496.1,2658.5
20,2368,11372.6,2522.4
20,2369,11056.6,2283.4
20,2370,11181.2,2237.8
20,2371,11100.9,2252.6
20,2372,10853,2165.1
20,2373,10797.7,2048.3
20,2374,10877.8,2048.3
20,2375,10479.9,1662.4
20,2376,10552.1,1583.9
20,2377,10438.8,1405.8
20,2378,10639.3,1399.4
20,2379,10458.6,1063.7
20,2380,10599.4,854.7
20,2381,10647.4,854.7
20,2382,10703.6,714
20,2383,10748.3,714
20,2384,10363.1,708
20,2385,10308,708
20,2386,10572.2,708
20,2387,10599.2,708
20,2388,11052.3,668.9
20,2389,11213.4,668.9
20,2390,11602.8,3332.7
20,2391,11683.2,3464.4
20,2392,11600.6,3515.8
20,2393,11637.1,3641.1
20,2394,11420.5,3602.8
20,2395,11624.8,3811.9
20,2396,11976.6,4266.6
20,2397,12057.9,4267.7
20,2398,11772.4,3920.4
20,2399,11562.8,3533.5
20,2400,11332.7,3206.9
20,2401,11299.6,3089.4
20,2402,11109.1,2897.8
20,2403,11398.1,2930.6
20,2404,11718.6,3056.1
20,2405,11484,2723.3
20,2406,11230.3,2230.1
20,2407,11231.4,2108.7
20,2408,10937.4,1689.2
20,2409,10866.6,1384.4
20,2410,11117.7,1425.6
20,2411,11285.1,1372.5
20,2412,11325.9,1359.5
20,2413,11375.7,1132
20,2414,11407,1081.1
20,2415,11520.2,1083.1
20,2416,11789.4,1038.7
20,2417,11963,972.6
20,2418,12069.5,923.4
20,2419,12121.7,889.4
20,2420,12049.4,770.2
20,2421,12335.8,698.6
20,2422,12490.8,559.2
20,2423,12989.8,480.3
20,2424,13377.5,424.1
20,2425,13476,424.1
20,2426,13907.9,362.9
20,2427,14082.1,362.9
20,2428,14127.8,362.9
20,2429,14044.5,344.7
20,2430,13962,2979.6
20,2431,14226.2,3278.9
20,2432,14332.9,3610.5
20,2433,14088.3,3594.1
20,2434,14447.8,4212.6
20,2435,14475.3,4146.3
20,2436,14838.3,4286.2
20,2437,14831.8,4617.7
20,2438,14947.4,4981.1
20,2439,14392.7,4818.3
20,2440,13921.9,4520.1
20,2441,13486.6,4364.6
20,2442,13259.3,4605.5
20,2443,13033.4,4759.4
20,2444,13050.2,4913.2
20,2445,12734,4680.8
20,2446,12724,4735.5
20,2447,12494.8,4435.3
20,2448,11985.8,3960.5
20,2449,11663,3734.1
20,2450,11500,3474.2
20,2451,11230.2,2949.2
20,2452,10887.8,2438.2
20,2453,10715.4,2072.1
20,2454,10571.2,1706.7
20,2455,10474.7,1497.7
20,2456,10497.7,1204.8
20,2457,10383.3,1028.8
20,2458,10322.8,938.2
20,2459,10254.1,938.2
20,2460,10426.4,938.2
20,2461,10350.5,938.2
20,2462,10388.3,890.6
20,2463,10272.5,867.8
20,2464,10384.5,768.8
20,2465,10144.7,768.8
20,2466,10315.2,735.7
20,2467,10410.3,696.3
20,2468,10416.8,612.1
20,2469,10671.5,612.1
20,2470,10503.3,612.1
20,2471,10609.2,612.1
20,2472,10679.5,576.4
20,2473,10670.1,576.4
20,2474,10561.1,576.4
20,2475,10752.1,407.3
20,2476,10689.9,320.4
20,2477,10568.3,320.4
20,2478,10397.5,320.4
20,2479,10357.7,272.6
20,2480,10445,272.6
20,2481,10389.3,272.6
20,2482,10412.6,232.3
20,2483,10534.3,1858.6
20,2484,10580,1853.6
20,2485,10666.5,1841.6
20,2486,10401.3,1643.5
20,2487,10709.4,1837.3
20,2488,10713.8,1743.2
20,2489,10892.1,1668.1
20,2490,10645.4,1377
20,2491,10839.6,1348.1
20,2492,10814.9,1166.2
20,2493,10850.9,1116.7
20,2494,10973.4,1104.6
20,2495,10938.9,21.4
20,2496,10829.1,875.7
20,2497,10767.5,723.9
20,2498,10578.1,528.5
20,2499,10542.8,459.5
20,2500,10511.9,459.5
21,2000,137151,30449.7
21,2001,138070.3,33830.6
21,2002,137522.6,34453.8
21,2003,137666.1,35513.4
21,2004,139442.4,37633.6
21,2005,139039.7,39280.5
21,2006,137789.8,38529.5
21,2007,136569.4,38138.1
21,2008,135395.9,36353.2
21,2009,136945.7,37683.6
21,2010,136381.8,39658.6
21,2011,137408.7,41118.3
21,2012,137659.8,41056.4
21,2013,135304.7,40225.2
21,2014,131328.6,37810.9
21,2015,132896.3,39181.4
21,2016,134776.2,40703.4
21,2017,131420.1,37329.5
21,2018,132504.5,37726.1
21,2019,132020.1,36090.2
21,2020,134230.4,36682.7
21,2021,132718.6,34461.6
21,2022,129412.2,30770.9
21,2023,130499.1,30793.8
21,2024,130351.9,29775.5
21,2025,130141.5,27941.8
21,2026,130266,26853.8
21,2027,127468.9,23308.8
21,2028,126698.9,21590.2
21,2029,125559.6,19508.6
21,2030,122730.5,17308.4
21,2031,120354.6,15853.3
21,2032,118457.6,13638.9
21,2033,117553.2,12854.1
21,2034,117398.1,12300.3
21,2035,116981.2,12300.3
21,2036,118119.5,12300.3
21,2037,119416.8,11639.6
21,2038,118772,11639.6
21,2039,119424.6,11639.6
21,2040,118233.9,9073.6
21,2041,117307.2,7114.7
21,2042,115886.6,6288.2
21,2043,114947.9,6175.8
21,2044,113376.3,5971.2
21,2045,112443.2,5971.2
21,2046,113323.6,5133.8
21,2047,113390.8,4050.7
21,2048,112896.2,4050.7
21,2049,114401.4,3948.4
21,2050,112136.5,3865.1
21,2051,113228.7,2892.2
21,2052,112670.9,2623.7
21,2053,112615.9,2623.7
21,2054,111880.2,2536.2
21,2055,112694.9,2536.2
21,2056,112697.4,2536.2
21,2057,113881.8,1664.8
21,2058,116472.4,1547.3
21,2059,116951.5,1464.1
21,2060,115723.6,1464.1
21,2061,116310,1464.1
21,2062,118642.8,1150.8
21,2063,118221.7,1099.2
21,2064,117566.7,1099.2
21,2065,119283.7,704.8
21,2066,120520.5,10150.6
21,2067,120238.5,10115.9
21,2068,120112.2,9525.6
21,2069,120874.5,9528.7
21,2070,124409.6,9810.4
21,2071,125738.1,14906.2
21,2072,127256,15602.4
21,2073,127238.6,14749.4
21,2074,126343.6,13992.8
21,2075,129281.4,14827
21,2076,130198.3,15477.6
21,2077,130474,15534.6
21,2078,128183.8,14609.5
21,2079,126929.2,13483.5
21,2080,125422.8,12975.5
21,2081,123682,11662.5
21,2082,124659,26753.7
21,2083,122864.5,25996.8
21,2084,121534.8,28611.3
21,2085,123658.7,31999
21,2086,122047.2,32628.3
21,2087,119635.8,30831.2
21,2088,120829.5,31899.7
21,2089,123407.1,34741.6
21,2090,124713.2,37270.9
21,2091,126339.6,39088.1
21,2092,127141.5,39379.3
21,2093,126661,39617.7
21,2094,122346.2,36110.2
21,2095,121786,35519.2
21,2096,123393.1,37516
21,2097,122144,35372.4
21,2098,123565,35809
21,2099,122972.4,35407
21,2100,120306.6,33363.4
21,2101,120122.9,31784.7
21,2102,120861.2,32046.8
21,2103,120727,30256.2
21,2104,118631.8,28080.9
21,2105,117874.1,27264.5
21,2106,117536.2,26242.5
21,2107,116834.1,24573.3
21,2108,116486.5,22789.6
21,2109,115570,21070.6
21,2110,114937.2,19638.6
21,2111,116956.1,18541
21,2112,117929.3,17998.7
21,2113,118407.8,17646.2
21,2114,116752.6,14874.8
21,2115,116672,13090.3
21,2116,118119,12409.7
21,2117,117475.6,12220.3
21,2118,117931.1,11025.7
21,2119,118184.5,9479.9
21,2120,117086,8423.4
21,2121,116957.5,7407.5
21,2122,116752.4,7051.2
21,2123,116480.9,7051.2
21,2124,116221.1,6204.3
21,2125,118463.9,5959.4
21,2126,118035.9,5959.4
21,2127,120755.9,5234.6
21,2128,121351.9,5234.6
21,2129,120799.4,5234.6
21,2130,123630.5,5234.6
21,2131,124075.7,4561.8
21,2132,124420.7,3440.8
21,2133,126006,2752.7
21,2134,124529.8,2752.7
21,2135,123101.7,2752.7
21,2136,123323.7,2045.7
21,2137,123361.2,1444.2
21,2138,122999.4,1288.4
21,2139,123011.6,1288.4
21,2140,122975.3,1288.4
21,2141,122954.1,1288.4
21,2142,122214.5,13185.5
21,2143,121920.1,13702.8
21,2144,121294.2,12420.9
21,2145,120367.9,12234.8
21,2146,120163.9,12486.2
21,2147,121429,13275.7
21,2148,120583.7,12384.1
21,2149,120657.2,12995.2
21,2150,118397.9,11258.8
21,2151,119106.6,11539.6
21,2152,119959.8,10966.7
21,2153,122284.7,10596.8
21,2154,122507.7,9882.2
21,2155,125680.2,9944.1
21,2156,125247.2,9166.3
21,2157,124683.9,9093.7
21,2158,123721.2,7560.4
21,2159,127015.6,7668.2
21,2160,126807.1,6942
21,2161,125309.8,6072
21,2162,124173.6,5266.2
21,2163,125547.9,4481.7
21,2164,125329.2,4481.7
21,2165,123101.1,4149.8
21,2166,124270.8,3845.7
21,2167,123928.8,3771.4
21,2168,123529.9,3592.7
21,2169,123121.3,3592.7
21,2170,124198.2,3592.7
21,2171,124574,11686.6
21,2172,126065.8,11874.6
21,2173,126460.6,11219.5
21,2174,125626.1,10127.5
21,2175,124054,9747.7
21,2176,125968.6,9951.9
21,2177,125454.5,9529.1
21,2178,124286.4,8503
21,2179,123981.1,8307.9
21,2180,124540,6857.5
21,2181,123413.9,7047.3
21,2182,123665.2,6618
21,2183,126654.8,6440.4
21,2184,128148.7,6061.3
21,2185,127441.2,18589.3
21,2186,124741,18882.2
21,2187,122063.2,18533.5
21,2188,123688.1,20311.5
21,2189,124534,21460.8
21,2190,124806.4,22675.9
21,2191,124273.4,22521.5
21,2192,122979.3,21486.3
21,2193,122603.1,21396.4
21,2194,122172.5,21067.8
21,2195,123623.8,20658.1
21,2196,122996.3,20697
21,2197,120601.2,18888.8
21,2198,119658.7,17083.1
21,2199,121071.4,17289
21,2200,124182.9,18477.1
21,2201,124738.5,18159.7
21,2202,124910.2,17908.1
21,2203,123251.8,16302
21,2204,121858.6,14956.7
21,2205,121455.6,14288.4
21,2206,123198,13302.2
21,2207,123515.6,12596.9
21,2208,125102.7,10962.9
21,2209,125868.4,9981.7
21,2210,125324.9,7951
21,2211,126183.1,7630.6
21,2212,125675.1,6088.7
21,2213,125633.1,5527.7
21,2214,128970.8,5527.7
21,2215,129531.5,5101.3
21,2216,130501.5,4668.6
21,2217,131320.4,31410
21,2218,135290.9,35186.5
21,2219,136381,39444.3
21,2220,137014.3,42016
21,2221,138660,44811.2
21,2222,137830.7,45164.9
21,2223,138505.6,47472.4
21,2224,138839.7,49511.9
21,2225,140783.8,53188.3
21,2226,140587.6,55186.5
21,2227,141378.7,57072.2
21,2228,139431.5,57546.3
21,2229,137853.9,58002.8
21,2230,139839.2,60659.4
21,2231,137820.8,59074.3
21,2232,141132.3,63239.4
21,2233,136957.5,60014.1
21,2234,136327.1,59001.4
21,2235,134296.6,57416
21,2236,130029.2,53771.9
21,2237,127657.7,50712.5
21,2238,127258.4,49513.8
21,2239,128816,49676.5
21,2240,126639.1,47447.9
21,2241,124857.2,44441.3
21,2242,126210.1,44429.9
21,2243,126822,42361.5
21,2244,125633.5,40254.8
21,2245,127651.7,39820.5
21,2246,128630.3,37836.1
21,2247,131474.8,36685.6
21,2248,130064.4,33433.6
21,2249,129371.1,32257.4
21,2250,128924.1,31636.5
21,2251,128473.4,29154.4
21,2252,127995.7,28235.1
21,2253,125971.1,24304
21,2254,126021.5,22502
21,2255,126203.7,21587.2
21,2256,127203.2,19122.6
21,2257,131476.6,17920
21,2258,130873.3,17339
21,2259,131646.2,17204
21,2260,132290.4,14328.6
21,2261,133137.1,14328.6
21,2262,132098.1,13126.6
21,2263,133325.9,13039.7
21,2264,132842.5,12565.8
21,2265,135118.2,10203.1
21,2266,134359.6,9840.5
21,2267,133524.5,9418.4
21,2268,135110.6,7830.3
21,2269,132836.3,7830.3
21,2270,131355.7,7830.3
21,2271,135152,6524.2
21,2272,132831.2,6524.2
21,2273,131532.7,6524.2
21,2274,131235.6,6524.2
21,2275,130510.6,6524.2
21,2276,130347.7,6027.9
21,2277,132806.8,5329.1
21,2278,132434.2,5329.1
21,2279,131979.4,4420.1
21,2280,130735.4,4420.1
21,2281,130758.6,4011.7
21,2282,129960.7,4011.7
21,2283,128126,3762.8
21,2284,127484.4,3757.9
21,2285,126306.1,3757.9
21,2286,128532.2,2958.5
21,2287,126554,2958.5
21,2288,126103.2,2880.9
21,2289,128402.5,14146.7
21,2290,128432.5,13817.3
21,2291,129761.8,13465.9
21,2292,129374.2,11848.5
21,2293,128218.4,26214.5
21,2294,129157.5,26930
21,2295,126146.5,25188.5
21,2296,126430.7,25787.1
21,2297,126421.6,24384.6
21,2298,130324.6,25132.1
21,2299,129409.2,24693
21,2300,128505.6,23089.8
21,2301,126366.4,21414.3
21,2302,125837.4,20755.7
21,2303,123718.2,19498.1
21,2304,119532.8,15995.4
21,2305,117000.9,14243.1
21,2306,114572.5,12167
21,2307,114444,11615.4
21,2308,112594.1,10461.4
21,2309,112549.3,10169
21,2310,111780.9,9481.9
21,2311,111539.7,9481.9
21,2312,110727.8,8974.6
21,2313,110566.5,8508.9
21,2314,109372.5,8413.1
21,2315,108457.8,6542.1
21,2316,108100.5,5045.5
21,2317,108453.4,4925.2
21,2318,108664.9,4925.2
21,2319,108935,4647.5
21,2320,109280,3767
21,2321,113997.7,3667.5
21,2322,117859.3,3667.5
21,2323,119335.7,3564.8
21,2324,119466.8,3015
21,2325,117026.7,17202.8
21,2326,116259.3,17548.8
21,2327,115272.7,17850.2
21,2328,115952.7,17838.8
21,2329,115413.8,17480.2
21,2330,115288.1,17355.5
21,2331,113985.7,16516.7
21,2332,114224.2,15983.2
21,2333,116208.7,16569.9
21,2334,117085.2,15809.2
21,2335,114956.1,14063.3
21,2336,114556,12820.9
21,2337,116060.6,11901.8
21,2338,115251.2,11143.2
21,2339,115784.3,10664.8
21,2340,117607.8,10035.4
21,2341,117543.3,9475.5
21,2342,118712.2,9299
21,2343,117634.8,19009.2
21,2344,119632.4,19857
21,2345,119248.5,19912.7
21,2346,116717.2,19917.4
21,2347,116165,18914.8
21,2348,115769.1,18388
21,2349,114879.2,17070.7
21,2350,113712.1,15823.8
21,2351,111660.6,14721.9
21,2352,110176.6,12809.2
21,2353,107799.6,10378
21,2354,107855.1,9904.9
21,2355,109113.6,9507.5
21,2356,107439.2,7495.1
21,2357,106870.9,6954.5
21,2358,108022.4,6344.7
21,2359,107678.6,5956.5
21,2360,105841.8,5362.3
21,2361,107092.1,4753.3
21,2362,107019.1,4594.7
21,2363,107460.9,4482.6
21,2364,107928.1,3949
21,2365,109015.1,3949
21,2366,108361.4,3792.9
21,2367,109007.2,3470.1
21,2368,109545.6,3084.1
21,2369,108557,3016.4
21,2370,110757.9,2955.3
21,2371,111591.7,2531.6
21,2372,111743.8,10662.6
21,2373,111959,10651.6
21,2374,110985.7,9427.6
21,2375,110029.8,8389.8
21,2376,110676.9,8283.5
21,2377,111282.4,7788.6
21,2378,112035.5,7527.5
21,2379,112745,7214
21,2380,113117.6,7208.3
21,2381,116662.1,6887.7
21,2382,116669.9,6395.3
21,2383,117546.2,6005.6
21,2384,117383.6,5887.9
21,2385,119076.9,5821
21,2386,121273.7,5531.4
21,2387,121876.6,4962.1
21,2388,121196.4,16904.5
21,2389,124377.1,18572.9
21,2390,124877.3,19090.7
21,2391,125752,19574
21,2392,126339.7,20161.2
21,2393,128892.2,20649.7
21,2394,129109.8,20202.7
21,2395,126857.9,18246.9
21,2396,126310.2,17474.9
21,2397,125520.8,16164
21,2398,132111.2,16680.4
21,2399,132404.4,16059.9
21,2400,133572.7,16745.4
21,2401,132614.4,16354.6
21,2402,137797.5,29356.4
21,2403,136889.5,29914.2
21,2404,136980.3,31445.3
21,2405,136724.3,33060.1
21,2406,134296.1,32344.4
21,2407,135444,34807.2
21,2408,138268.6,37093.8
21,2409,142044,40962
21,2410,141101.7,41480.2
21,2411,138976.1,39072.8
21,2412,139476.1,38267.6
21,2413,138564.2,37515.9
21,2414,138216,35830.1
21,2415,140771.1,36824.7
21,2416,143543.4,36697.3
21,2417,142536.7,35455.7
21,2418,140824.7,33988.3
21,2419,141301.8,35901.8
21,2420,140997.8,35457.9
21,2421,139283.2,34454.6
21,2422,136581.8,31860
21,2423,134971.1,30192.4
21,2424,133968.5,29291.2
21,2425,131872.3,26103
21,2426,131814.6,24121.3
21,2427,129887.2,22487.4
21,2428,130593.1,22320.6
21,2429,130868.2,21089.1
21,2430,131449.2,20231.8
21,2431,131937.6,19972.1
21,2432,134741.5,18675.8
21,2433,132821.4,18448.5
21,2434,132955.7,16587.7
21,2435,132790.8,14344.6
21,2436,129912,13333.1
21,2437,127729.4,11474.2
21,2438,128625.8,11245.8
21,2439,128353.4,9447.7
21,2440,126072.5,8635
21,2441,122785.7,7713.5
21,2442,122923.8,7520
21,2443,123024.2,18122.3
21,2444,121115.1,18174.5
21,2445,119171.6,17212.3
21,2446,119839.6,17000
21,2447,117296.4,15315.8
21,2448,114366.3,13577
21,2449,114520.7,12802.9
21,2450,115152.6,12642.8
21,2451,113084.2,12373.9
21,2452,112457.4,9931
21,2453,113649.7,9434
21,2454,113201.2,8867.9
21,2455,114044.9,8264.2
21,2456,114506.1,6996.8
21,2457,115118.4,6701.8
21,2458,115842,6497.5
21,2459,115293.9,6361.6
21,2460,115123,6448.2
21,2461,115574.5,6439
21,2462,114676.9,6299.2
21,2463,115971.5,6313.7
21,2464,116011.5,5447.8
21,2465,119741.3,4859.2
21,2466,122980.3,4756.1
21,2467,122959.5,4567.1
21,2468,124842.2,3965.3
21,2469,124578.1,3965.3
21,2470,125918.5,3476.3
21,2471,126789.7,3476.3
21,2472,127624.5,3175.8
21,2473,129445.1,3065.5
21,2474,132936,2653.9
21,2475,134874.9,26318
21,2476,137299.1,28203.2
21,2477,137361.5,31087
21,2478,141148,33338.8
21,2479,141514.3,34657.9
21,2480,141135.7,37264.8
21,2481,140047.6,39716.3
21,2482,138534.6,41333.7
21,2483,140930,45325.5
21,2484,143742,49900.3
21,2485,145169.4,53134.6
21,2486,144728.8,53961.4
21,2487,147146.9,15285
21,2488,145998.6,56705
21,2489,141182.3,56199.9
21,2490,139055.1,57446.8
21,2491,138775.3,57658.8
21,2492,141031.2,59501.5
21,2493,138750.9,59352.3
21,2494,134139.6,56825.4
21,2495,131645.8,54794.2
21,2496,130921.9,54943.2
21,2497,135860.4,59066.5
21,2498,135997.2,59600.4
21,2499,130139.5,53528
21,2500,129728.5,53120.3
22,2000,1200767.5,10543.1
22,2001,1216859.9,9020.8
22,2002,1220017.4,51441.8
22,2003,1229424.8,52197.1
22,2004,1217179.5,48118.7
22,2005,1247658.1,50401.8
22,2006,1253027.8,51099.8
22,2007,1260633.6,49699.1
22,2008,1254931.8,45910.5
22,2009,1259835.4,44725.2
22,2010,1249437.9,40996.8
22,2011,1225930.1,34716.6
22,2012,1214654.1,29707
22,2013,1212730,28679.1
22,2014,1200864.4,26348
22,2015,1206331.4,25045.2
22,2016,1210441,42197
22,2017,1202304.2,41516.7
22,2018,1208946.4,38481.6
22,2019,1251236.9,93366.2
22,2020,1252887,97911.1
22,2021,1268410.8,108985.4
22,2022,1278552.6,110549.3
22,2023,1277768.5,114961.4
22,2024,1283050.6,120037
22,2025,1299361.8,123363.3
22,2026,1283206.1,118693.5
22,2027,1284445.9,123704.4
22,2028,1335673.2,136681.1
22,2029,1318444.5,133848.9
22,2030,1329768.1,138711.6
22,2031,1318725.4,134313.9
22,2032,1328787.8,129863.4
22,2033,1296064,117138.8
22,2034,1283808.1,110225.1
22,2035,1278756.2,105907.7
22,2036,1270294.2,103048.4
22,2037,1296163.4,102296.5
22,2038,1266286.9,90210.2
22,2039,1260509.9,86197.6
22,2040,1262022.5,84610.7
22,2041,1263683.4,80320.6
22,2042,1268007.6,75802.7
22,2043,1256020,74779.3
22,2044,1250793.5,73833.8
22,2045,1234003.1,67519.3
22,2046,1229568.8,67196.1
22,2047,1220419,60662.1
22,2048,1234072.5,56900.7
22,2049,1224179,50583.9
22,2050,1211390.6,59574.1
22,2051,1225101.5,54560.8
22,2052,1222385.5,52672
22,2053,1213928.8,46810.8
22,2054,1207345.6,41570.5
22,2055,1204181.2,39388.7
22,2056,1215316,35819.4
22,2057,1225289.5,32191.2
22,2058,1218413.1,28899.1
22,2059,1215896,23459
22,2060,1212683.2,22708.4
22,2061,1209916.6,21608.7
22,2062,1218856.6,20439.4
22,2063,1216887.5,19952
22,2064,1218316.4,19587.1
22,2065,1232841.5,104612.6
22,2066,1235950.5,109630.9
22,2067,1238201.5,115638.9
22,2068,1230195.1,117130
22,2069,1234570.4,121398.8
22,2070,1220235.6,118649.4
22,2071,1225148.9,117980.8
22,2072,1228531.2,116923.5
22,2073,1259381.5,121534.3
22,2074,1256740.6,115840.9
22,2075,1246303.5,111260.1
22,2076,1245225.2,110194.8
22,2077,1232007.6,101559.9
22,2078,1221598.8,94345.3
22,2079,1215585.5,88595.9
22,2080,1211298.6,81289.4
22,2081,1202502,74235.5
22,2082,1207459.8,71591.5
22,2083,1196067.9,67718.7
22,2084,1198173.6,63210.9
22,2085,1192043.6,57365.8
22,2086,1180611,49441
22,2087,1187062.5,47186.2
22,2088,1185280,43703.3
22,2089,1189465.8,39335.6
22,2090,1186864.4,32507.4
22,2091,1192737.8,31803.3
22,2092,1190731.2,31200
22,2093,1172573.5,30301.2
22,2094,1174662.6,22669.8
22,2095,1164214.8,18216.6
22,2096,1169999,16997
22,2097,1173883.4,16997
22,2098,1167397.1,16652
22,2099,1172940,15458.2
22,2100,1161352.1,15458.2
22,2101,1157365,15163.1
22,2102,1175769.1,14191.8
22,2103,1177666.2,11879.9
22,2104,1170384.6,11879.9
22,2105,1182229.9,11558.1
22,2106,1162876.1,11558.1
22,2107,1160275.1,11055.8
22,2108,1153377,11055.8
22,2109,1135912.9,10799.4
22,2110,1133621.8,5942.7
22,2111,1125353.9,4986.3
22,2112,1130081.9,4438.7
22,2113,1132992.6,4438.7
22,2114,1128488,4438.7
22,2115,1143907.1,3599.1
22,2116,1139933.4,3277.2
22,2117,1142710.4,3254.3
22,2118,1132986.5,3254.3
22,2119,1135417.2,11772.1
22,2120,1156989.1,10409.7
22,2121,1158996,10276.2
22,2122,1179378.1,9153
22,2123,1171379.4,8566.8
22,2124,1152761,1850.7
22,2125,1160875.2,1635.8
22,2126,1164239.4,1614
22,2127,1154848.4,1614
22,2128,1183409.1,1614
22,2129,1173869.5,1614
22,2130,1199433.2,49419
22,2131,1201095.6,51491.9
22,2132,1201443.1,54939.8
22,2133,1205472,57089.4
22,2134,1208591.1,61910.7
22,2135,1209748,63441.6
22,2136,1207643.2,64503.8
22,2137,1213152.2,69741
22,2138,1198053.1,69239
22,2139,1229965.8,77950.8
22,2140,1229889.6,76650.9
22,2141,1227061.4,78720.8
22,2142,1209867.6,73367.9
22,2143,1195389,69042.7
22,2144,1201787.6,66474.9
22,2145,1197005.4,62390.1
22,2146,1189632.6,58842.8
22,2147,1186606.8,57148.2
22,2148,1184570.5,53054.3
22,2149,1186536.2,51218.3
22,2150,1197103,48176.5
22,2151,1182519.2,119989.6
22,2152,1179360.1,122218.4
22,2153,1226905.9,141931.7
22,2154,1225057.4,154100.1
22,2155,1233936.1,171564.1
22,2156,1229285.1,180990.5
22,2157,1231741.9,186342
22,2158,1223862.2,197413.5
22,2159,1209756.2,202531.8
22,2160,1205538.1,207641.9
22,2161,1197355,211857.7
22,2162,1230295.1,236809.5
22,2163,1228327.8,240024.6
22,2164,1220356.9,236628.6
22,2165,1240720.5,247829.5
22,2166,1239981,242895.2
22,2167,1247020.2,254392.7
22,2168,1249599.9,254202.8
22,2169,1223888.8,237694.3
22,2170,1210097,225615.4
22,2171,1193383.6,216192.4
22,2172,1182113,208318.2
22,2173,1175128.6,198241.8
22,2174,1192729.4,205220.4
22,2175,1178388.1,185091.2
22,2176,1161207.1,168122.3
22,2177,1141315.6,147974.3
22,2178,1125511,135938.6
22,2179,1117709.2,121547.5
22,2180,1125388.9,114293.9
22,2181,1126234,111885.6
22,2182,1117943.8,101908.8
22,2183,1125272.2,93769.1
22,2184,1121269.9,86542.1
22,2185,1117733,75699.1
22,2186,1122521.1,62377.4
22,2187,1147646.1,56844.2
22,2188,1152958,45229.7
22,2189,1151822.5,45229.7
22,2190,1160591.1,35962.1
22,2191,1160081.1,32596.7
22,2192,1155525.4,30210.9
22,2193,1174187.8,20442.4
22,2194,1172411.9,18973.9
22,2195,1173712.4,18278.6
22,2196,1175946.6,16968
22,2197,1176796.2,16419.4
22,2198,1174969.8,15934.9
22,2199,1172566.1,15879.8
22,2200,1172185.6,15879.8
22,2201,1177698.9,12813.4
22,2202,1160060.2,12298.5
22,2203,1159310,11189.6
22,2204,1159598.6,11073.6
22,2205,1166722.9,10952.7
22,2206,1158728,10952.7
22,2207,1155745,10952.7
22,2208,1145167.8,10952.7
22,2209,1168693.2,78905.9
22,2210,1174993.6,78715.8
22,2211,1163296.5,71700.4
22,2212,1170684.1,70479.3
22,2213,1172882,67353.9
22,2214,1202635.4,65430
22,2215,1242119,66407.1
22,2216,1275436.1,64981.6
22,2217,1276636.6,60412.7
22,2218,1299143.8,57350.5
22,2219,1306800.2,54664.4
22,2220,1314495.8,52683.6
22,2221,1312584.2,48434.8
22,2222,1309424.2,48053
22,2223,1303864.9,42194.2
22,2224,1301941.6,39692.1
22,2225,1287634.5,35658.5
22,2226,1275703.9,72066.6
22,2227,1260515.1,63946.6
22,2228,1264855.4,62647.4
22,2229,1256143.1,57044
22,2230,1241543.2,51002.7
22,2231,1232237.5,44776.8
22,2232,1230026.5,42936
22,2233,1228468,42329.4
22,2234,1211797.2,42390.4
22,2235,1205192.1,41907.3
22,2236,1197265.1,35542.9
22,2237,1196310.4,35542.9
22,2238,1226894,34416.4
22,2239,1233460.9,31031.5
22,2240,1229902,27548.8
22,2241,1228871.1,26706.7
22,2242,1229966.2,21810.1
22,2243,1225655.8,90773.7
22,2244,1288411.4,105784.4
22,2245,1274942.9,110752.9
22,2246,1258880.4,112519
22,2247,1257502.2,120664.9
22,2248,1263503.5,129474.2
22,2249,1264583.8,141871.8
22,2250,1256216,144910.5
22,2251,1251614.8,139440.5
22,2252,1233733.1,132652.5
22,2253,1228970.9,129436.4
22,2254,1221332.4,130597.2
22,2255,1215974.5,127860.7
22,2256,1200168.4,120455.1
22,2257,1196452.2,116445
22,2258,1191538.5,109863.8
22,2259,1188323,105097.3
22,2260,1206649.4,103086.2
22,2261,1207454.4,100271.9
22,2262,1200074.6,95527.7
22,2263,1198349.1,93570.4
22,2264,1193695.2,88863.4
22,2265,1181915.2,81386.5
22,2266,1182635.2,78173.8
22,2267,1204207.9,78627.2
22,2268,1207453,71563.3
22,2269,1232236.1,66198.1
22,2270,1227497.4,61871.7
22,2271,1236411.9,60334.5
22,2272,1229669.5,52162.2
22,2273,1224837.9,51550.7
22,2274,1229176.4,51550.7
22,2275,1218668.5,50994.1
22,2276,1201636.1,46857
22,2277,1222525.2,46227.8
22,2278,1218895.6,42861.4
22,2279,1218916.5,37370.1
22,2280,1205670.1,29799
22,2281,1177494.4,29201.6
22,2282,1170710.5,29103
22,2283,1149894,29103
22,2284,1139267.1,29053.1
22,2285,1138095.1,23410.2
22,2286,1136328.9,23410.2
22,2287,1128951.5,22246.7
22,2288,1117158.8,22246.7
22,2289,1125296,18121.6
22,2290,1142613.1,16197.9
22,2291,1141379.2,16197.9
22,2292,1137758.9,16197.9
22,2293,1134513,16197.9
22,2294,1128684.4,15607.2
22,2295,1122120.6,13423.3
22,2296,1112826.2,13423.3
22,2297,1108012.9,13423.3
22,2298,1112038,9744
22,2299,1119384.1,7994.8
22,2300,1130432.1,7994.8
22,2301,1119258.1,7994.8
22,2302,1110072.9,7862.9
22,2303,1111674,6234.3
22,2304,1100477.9,6234.3
22,2305,1098560.4,6234.3
22,2306,1127929.8,5025
22,2307,1120750,5025
22,2308,1122395.4,4893.8
22,2309,1127467.1,4504.5
22,2310,1124819.6,4358.3
22,2311,1127374,4215.8
22,2312,1125258.5,4215.8
22,2313,1147481.5,2737.1
22,2314,1144779,2737.1
22,2315,1134212.2,2737.1
22,2316,1139015.5,2582.9
22,2317,1134814.4,44565
22,2318,1128925.2,43357.6
22,2319,1159861.5,44978.3
22,2320,1162199.5,47512.8
22,2321,1178837.1,51002.1
22,2322,1172575.2,53852.6
22,2323,1169696.6,51565.1
22,2324,1182407.9,53375.9
22,2325,1185663.5,52939
22,2326,1186420.8,50932.3
22,2327,1185936.1,48119.7
22,2328,1184680.4,43887
22,2329,1198671.8,42288.1
22,2330,1210365.5,106577.5
22,2331,1201330.2,114043.3
22,2332,1236870.9,130662.7
22,2333,1233985.2,144890.6
22,2334,1228575.6,160455.2
22,2335,1230358.1,166059.5
22,2336,1243907.5,186540.4
22,2337,1241345.1,192828.6
22,2338,1229925.2,200734.4
22,2339,1235413.4,203762.6
22,2340,1250466,222312.9
22,2341,1244373,228014.1
22,2342,1266616.8,244956.2
22,2343,1274803.5,267647.8
22,2344,1271546.5,274882.2
22,2345,1280429.2,285905.4
22,2346,1286461.6,298609.3
22,2347,1281630.8,302371.2
22,2348,1290933.2,307328.3
22,2349,1295922.2,310788.4
22,2350,1293530.6,302968.9
22,2351,1288296.4,292848.4
22,2352,1299150.1,300098.8
22,2353,1282136.8,284779.5
22,2354,1261187.6,265712.2
22,2355,1244190.4,249002.4
22,2356,1237373.1,238610.3
22,2357,1260654.1,236749.7
22,2358,1243017.1,218471.4
22,2359,1243696.4,212549.3
22,2360,1235464.6,196032
22,2361,1212490.9,173189
22,2362,1223099.6,159817.9
22,2363,1207006,137294.3
22,2364,1206821,123817.9
22,2365,1199865.4,115100.1
22,2366,1232423.9,112656.7
22,2367,1230484.4,99493.1
22,2368,1227024.9,87175.4
22,2369,1211002.1,78423.8
22,2370,1209748.1,72326.6
22,2371,1214186.9,70567.5
22,2372,1210746.1,60222.2
22,2373,1220809.5,46112.3
22,2374,1217732.5,45612.5
22,2375,1209032.9,45612.5
22,2376,1214174.1,43608.1
22,2377,1247068.4,38150.2
22,2378,1252952.1,38150.2
22,2379,1252742.4,35117.3
22,2380,1259589.8,27284.4
22,2381,1264849,24459.1
22,2382,1261910.5,24459.1
22,2383,1258638.4,21544.9
22,2384,1256853.1,14270.8
22,2385,1270248.5,167730.7
22,2386,1294413.6,182279.1
22,2387,1299976,187495.5
22,2388,1296486.9,190653.9
22,2389,1285694.4,197662.6
22,2390,1256705.8,191604.9
22,2391,1297333.6,209956.5
22,2392,1298582.8,215197.1
22,2393,1287831.9,211813.6
22,2394,1289978.4,214891
22,2395,1297484.4,218750.6
22,2396,1297210.5,214352.7
22,2397,1310801.5,213847.2
22,2398,1300400.2,199849.7
22,2399,1281453.8,187009
22,2400,1255675.4,162837.2
22,2401,1251548.9,153902.3
22,2402,1238671.9,136552.2
22,2403,1247126,133279.8
22,2404,1228350.4,121933
22,2405,1216963.9,110401.3
22,2406,1209692.2,109194.5
22,2407,1219336.5,109194.5
22,2408,1222566.4,107954
22,2409,1216189.6,94506.4
22,2410,1202836.2,83641.6
22,2411,1191426,79965.8
22,2412,1189696.4,72173
22,2413,1179613.6,70749.7
22,2414,1185473.9,63612.2
22,2415,1170490.8,53002.7
22,2416,1176421.9,45904.2
22,2417,1174002.8,36539.5
22,2418,1203242.6,33920.8
22,2419,1205150.6,26285.2
22,2420,1206825.4,25917.5
22,2421,1197486,23529.3
22,2422,1195851.2,21544.1
22,2423,1193767.1,20930
22,2424,1237930.8,20930
22,2425,1238004.1,20492.2
22,2426,1228699.9,19592.8
22,2427,1231305,14765
22,2428,1236679.5,14765
22,2429,1234110.8,14765
22,2430,1244496.2,10716.2
22,2431,1233931.8,10716.2
22,2432,1230112.8,10716.2
22,2433,1220611.8,10716.2
22,2434,1224523,9239.3
22,2435,1222721.5,9089.8
22,2436,1253506.8,5232.3
22,2437,1248130,5232.3
22,2438,1260757.6,4158.3
22,2439,1253121.5,3979.1
22,2440,1257622.4,60309.7
22,2441,1249189.8,58821.6
22,2442,1242582.4,58516.8
22,2443,1244709.5,59465
22,2444,1252735.1,61558.1
22,2445,1250537.4,57372.5
22,2446,1267240.6,56588.8
22,2447,1281148.4,54277.3
22,2448,1310997,51766.5
22,2449,1294885,45486.3
22,2450,1333354.5,43659.3
22,2451,1330878.2,156581.5
22,2452,1336378,174077.6
22,2453,1328467.5,179425.6
22,2454,1322657.8,193653.4
22,2455,1325177.2,206152.1
22,2456,1344803.1,232330.7
22,2457,1324436.2,240288.9
22,2458,1332941.4,250247.4
22,2459,1332642.6,263651.2
22,2460,1323511.1,280575.5
22,2461,1318509.9,302368.3
22,2462,1353988,325000.1
22,2463,1354394.2,334071.6
22,2464,1351665.4,334306.7
22,2465,1351515,342650.9
22,2466,1332768,332762.3
22,2467,1305767.1,312339.3
22,2468,1299183.2,301924.1
22,2469,1288614.4,286989.7
22,2470,1297541.8,304275.2
22,2471,1296895.6,311038.1
22,2472,1301348.6,310704.9
22,2473,1304971.1,314258.7
22,2474,1310558.9,320430.5
22,2475,1319789.9,331828.3
22,2476,1313287.1,318589.2
22,2477,1317408.8,319165.8
22,2478,1339968.9,326694.7
22,2479,1348843.5,323255.8
22,2480,1373897.6,325729.1
22,2481,1365844.6,306742.3
22,2482,1365704.2,296416
22,2483,1366589.1,280826.7
22,2484,1360619.8,271329.3
22,2485,1360579.6,252695
22,2486,1360326,248421.3
22,2487,1357546.2,243606.6
22,2488,1366078.2,241820.4
22,2489,1333845.1,202925.9
22,2490,1313949.8,179182.5
22,2491,1354473.9,176985.2
22,2492,1341185.6,176062.3
22,2493,1341704.5,171497.2
22,2494,1349920.5,166951.6
22,2495,1360225,167057.8
22,2496,1341545.4,163772.6
22,2497,1353195.4,163827.9
22,2498,1337784.9,147529.1
22,2499,1309569.8,130421.7
22,2500,1296613.4,130421.7
23,2000,12113906,73852.2
23,2001,12133573,303965.3
23,2002,11980800,319073
23,2003,11882534,330631.5
23,2004,11830219,332368.8
23,2005,11718889,318476.5
23,2006,11659853,293688.7
23,2007,11847131,302356
23,2008,12102556,318050.8
23,2009,12144454,311040.5
23,2010,12121748,300946.9
23,2011,12189913,302613.7
23,2012,12491036,300881.2
23,2013,12446718,284188.8
23,2014,12496705,275334.6
23,2015,12501730,246654.4
23,2016,12633879,232929.1
23,2017,12702355,222152.4
23,2018,12561203,192439.4
23,2019,12690905,176173
23,2020,12679899,397766.9
23,2021,12976873,425184.5
23,2022,12955366,420183.9
23,2023,12967544,402683.2
23,2024,13283932,409918.8
23,2025,13245046,393766.5
23,2026,13347327,386575.2
23,2027,13394256,373449.9
23,2028,13386632,358690.1
23,2029,13285663,341647.8
23,2030,13254924,320557.7
23,2031,13179319,298602.1
23,2032,13165459,286896.1
23,2033,13054118,258538.5
23,2034,13031364,249279.9
23,2035,13051700,362969.5
23,2036,13178777,359421.1
23,2037,13101541,329960.2
23,2038,13066035,321316.1
23,2039,13082243,308577.1
23,2040,12999422,291320.7
23,2041,12920131,278088.3
23,2042,12964600,260885.2
23,2043,13266356,251930.4
23,2044,13217720,226751.7
23,2045,13196204,210149.9
23,2046,13135192,204674.1
23,2047,13129769,448538.5
23,2048,13160299,438836.9
23,2049,13175768,441751.7
23,2050,13133667,441847.9
23,2051,13051051,429059
23,2052,12875722,391430.4
23,2053,12849356,381504.4
23,2054,12731046,346312.3
23,2055,12687661,332778.4
23,2056,12610447,303070.4
23,2057,12668412,285494.5
23,2058,13060764,285274.9
23,2059,13050198,247635.9
23,2060,13007887,222963.3
23,2061,13030933,607891.6
23,2062,12870137,586812.3
23,2063,12801346,573942.1
23,2064,12843212,562826.6
23,2065,12998696,583973.8
23,2066,12880745,558334.3
23,2067,12717928,529918.7
23,2068,12612369,506827.5
23,2069,12722975,505717.1
23,2070,12703605,480801.2
23,2071,12664710,461440.9
23,2072,12759388,449786.6
23,2073,13065896,453267
23,2074,12986809,423613.7
23,2075,12857497,405068.5
23,2076,12710685,365639.3
23,2077,12892421,350628.5
23,2078,12972437,341904
23,2079,12898993,319343.2
23,2080,13115789,315225.7
23,2081,12957684,291587.3
23,2082,12853221,253355.7
23,2083,12923987,227461.8
23,2084,12926116,207444.1
23,2085,12957103,192531.4
23,2086,13095779,187013.8
23,2087,13044617,171673.4
23,2088,12969526,162724.5
23,2089,12982904,161615.2
23,2090,12897374,144238.1
23,2091,12766066,110387.4
23,2092,12917877,88041.4
23,2093,12847179,87674.4
23,2094,12906332,83369.1
23,2095,12924597,63455.6
23,2096,12909179,56133.3
23,2097,12831476,52934.9
23,2098,12971843,41480.6
23,2099,12957389,30582.7
23,2100,12924345,30037.9
23,2101,12786402,28703.9
23,2102,12900682,235768.7
23,2103,12985853,239504.7
23,2104,12931066,237040.4
23,2105,13032025,278486.2
23,2106,13255920,299317
23,2107,13135259,308272.9
23,2108,13121612,303974.6
23,2109,13441003,319304.7
23,2110,13439324,320431.5
23,2111,13286594,309982.8
23,2112,13366391,307699.1
23,2113,13301913,291570.9
23,2114,13202758,270480.9
23,2115,13203727,257457.4
23,2116,13123702,228488.8
23,2117,13079266,480356.3
23,2118,13062827,514230.5
23,2119,13256032,578178.4
23,2120,13251815,611767.5
23,2121,13191211,643493.1
23,2122,13151316,646912.4
23,2123,13043281,675290.4
23,2124,12907891,680378.5
23,2125,12814242,684974.6
23,2126,12718302,679926.1
23,2127,12699563,662352.5
23,2128,13139169,725548.9
23,2129,12898515,716900.5
23,2130,12776128,712768.5
23,2131,12783664,723784.6
23,2132,12773128,690419
23,2133,12730202,682954.5
23,2134,12529664,633830.8
23,2135,12372517,569188.7
23,2136,12523456,571072.2
23,2137,12333403,485999.7
23,2138,12400182,469291.8
23,2139,12324739,432625.4
23,2140,12244637,399497.1
23,2141,11950450,352714.3
23,2142,11783322,302072.1
23,2143,11713748,264758.4
23,2144,11734198,255086
23,2145,11753935,246009.4
23,2146,11728632,234434.4
23,2147,11731233,221087.7
23,2148,11767034,207932
23,2149,11695934,180348.8
23,2150,11759738,178500.3
23,2151,11753013,176487.3
23,2152,11778944,162230.3
23,2153,11881605,141004.6
23,2154,12100238,125685.2
23,2155,12118323,120947
23,2156,12073473,113530.2
23,2157,12129561,110523.9
23,2158,12176584,97348.3
23,2159,12152460,97348.3
23,2160,12260625,94361.5
23,2161,12237784,82292.8
23,2162,12611311,75742.3
23,2163,12567629,75742.3
23,2164,12589148,75406
23,2165,12461974,72827.1
23,2166,12449651,72827.1
23,2167,12351039,65544.4
23,2168,12388156,51727.2
23,2169,12372999,51727.2
23,2170,12268174,51727.2
23,2171,12121103,51727.2
23,2172,12084208,51727.2
23,2173,11942906,51384
23,2174,11884680,50703.9
23,2175,11806384,50703.9
23,2176,11622979,50703.9
23,2177,11601800,47366.7
23,2178,11400451,47366.7
23,2179,11324621,46161.3
23,2180,11171418,46161.3
23,2181,11230739,41063.3
23,2182,11179425,41063.3
23,2183,11142164,40917.6
23,2184,11004487,40917.6
23,2185,11358415,34271.9
23,2186,11287897,34271.9
23,2187,11248546,34271.9
23,2188,11601506,28382.2
23,2189,11625498,28091.1
23,2190,11562194,28091.1
23,2191,11485660,28091.1
23,2192,11746472,18508
23,2193,11666909,18508
23,2194,11665850,18508
23,2195,11689540,17367.6
23,2196,11763243,16655.7
23,2197,11731920,16655.7
23,2198,11745299,220505.9
23,2199,11646355,218083.4
23,2200,11818943,231383.2
23,2201,11874279,248740.4
23,2202,11805000,245233.2
23,2203,11979551,260949.8
